Workbook

Sheet All injections Liliom
B1: Grey header cells - fill automatically, can not be edited :::: Blue header cells - limited editibility, i.e. drop down list :::: Green header - freely editable comment fields | P1: Drop down lists can be changed on the Stats page!
A2: Animal State | D2: Animal IDs | N2: Virus injection details | X2: Surgery | AA2: Drop out | AC2: Notes
A3: Animal number | B3: State | C3: Category | D3: Arrival date | E3: Age (days) | F3: OGR number | G3: Box # | H3: Line | I3: Sex | J3: Project approval # | K3: Owner | L3: Project | M3: Project # check | N3: Injection Date | O3: Injection Pers. | P3: Vector 1 | Q3: Vector 2 | R3: Vector 3 | S3: Dill. | T3: Location | U3: Depth (µm) | V3: Quant. (nl) | W3: Note for the injection | X3: Surgery Date | Y3: Surgery Person | Z3: Note for surgery | AA3: Drop out Date | AB3: Drop out reason | AC3: Notes | AD3: Checkup | AE3: Checkup 2. | AF3: Checkup 3.
A4: Mouse_1 | B4: =IF((COUNTBLANK(AA4)=0),Stats!$E$7,IF((COUNTBLANK(N4)=0),IF((COUNTBLANK(X4)=0),IF((COUNTBLANK(AD4)=0),Stats!$E$6,Stats!$E$5),Stats!$E$4),"")) -> Death | C4: =IF(B4=Stats!$E$5,Stats!$E$11,"") | D4: 45712 | E4: =IFERROR(TODAY()-DATE(2000+MID(F4,SEARCH("-",F4,SEARCH("-",F4)+1)+1,2),MID(F4,SEARCH("-",F4,SEARCH("-",F4)+1)+3,2),MID(F4,SEARCH("-",F4,SEARCH("-",F4)+1)+5,2)),"") -> 499 | F4: 999-01-241001-11-046 | G4: o01/113 | H4: C57Bl/6J | I4: Male ♂ | J4: PE/EA/54-02/2019 | L4: Freely moving | M4: =COUNTA(D4)*COUNTA(F4)*COUNTA(J4)*COUNTA(L4) -> 1 | N4: 45687 | O4: S. Eszter | P4: AAV157 | Q4: AAV381 | S4: 1x, 1000 | T4: V1 | U4: -400 | V4: 400 | W4: left | X4: 45705 | Y4: PL - Popara Lídia | AA4: 45863 | AB4: humane endpoint | AC4: az a helyzet, hogy ezt az állatot megtaláltam a ketrecében, Forceos amúgy, szép expresszió, somák minden r.ben, jelek is vannak; allstaff\DATA\jasz.anna\VIP_dendrit\Measurements\VoltageSensors\FORCE\FORCE_checkup_202503212.mesc | AD4: 2025.02.28. fragments, N:\DATA\juhasz.gabor\Liliom\GCaMP6f_cage_113.mes | AF4: nem lehet befogni szm.ba
A5: Mouse_2 | B5: =IF((COUNTBLANK(AA5)=0),Stats!$E$7,IF((COUNTBLANK(N5)=0),IF((COUNTBLANK(X5)=0),IF((COUNTBLANK(AD5)=0),Stats!$E$6,Stats!$E$5),Stats!$E$4),"")) -> Death | C5: Behavior | D5: 45712 | E5: =IFERROR(TODAY()-DATE(2000+MID(F5,SEARCH("-",F5,SEARCH("-",F5)+1)+1,2),MID(F5,SEARCH("-",F5,SEARCH("-",F5)+1)+3,2),MID(F5,SEARCH("-",F5,SEARCH("-",F5)+1)+5,2)),"") -> 499 | F5: 999-01-241001-11-047 | G5: o01/113 | H5: C57Bl/6J | I5: Male ♂ | J5: PE/EA/54-02/2019 | K5: Wéber Katalin | L5: Moculus | M5: =COUNTA(D5)*COUNTA(F5)*COUNTA(J5)*COUNTA(L5) -> 1 | N5: 45687 | O5: S. Eszter | P5: AAV157 | Q5: AAV381 | S5: 1x, 1000 | T5: V1 | U5: -400 | V5: 400 | W5: right | X5: 45705 | Y5: PL - Popara Lídia | AA5: 46010 | AB5: humane endpoint | AC5: becsontosodott | AD5: 2025.02.28. fragments, N:\DATA\juhasz.gabor\Liliom\GCaMP6f_cage_113.mes
A6: Mouse_3 | B6: =IF((COUNTBLANK(AA6)=0),Stats!$E$7,IF((COUNTBLANK(N6)=0),IF((COUNTBLANK(X6)=0),IF((COUNTBLANK(AD6)=0),Stats!$E$6,Stats!$E$5),Stats!$E$4),"")) -> Death | C6: =IF(B6=Stats!$E$5,Stats!$E$11,"") | D6: 45712 | E6: =IFERROR(TODAY()-DATE(2000+MID(F6,SEARCH("-",F6,SEARCH("-",F6)+1)+1,2),MID(F6,SEARCH("-",F6,SEARCH("-",F6)+1)+3,2),MID(F6,SEARCH("-",F6,SEARCH("-",F6)+1)+5,2)),"") -> 499 | F6: 999-01-241001-11-048 | G6: o01/113 | H6: C57Bl/6J | I6: Male ♂ | J6: PE/EA/54-02/2019 | L6: Freely moving | M6: =COUNTA(D6)*COUNTA(F6)*COUNTA(J6)*COUNTA(L6) -> 1 | N6: 45687 | O6: S. Eszter | P6: AG54 | S6: 1x | T6: V1 | U6: -400 | V6: 400 | W6: left+righ | X6: 45705 | Y6: PL - Popara Lídia | AA6: 45863 | AB6: humane endpoint | AC6: Nagyon szép exp, somák, dendritek jól látszódnak, de talán túl expr, jelek nem nagyon vannak, somák -550nál; allstaff\DATA\jasz.anna\VIP_dendrit\Measurements\VoltageSensors\FORCE\FORCE_checkup_202503211.mesc | AD6: - | AF6: nem lehet befogni szm.ba
A7: Mouse_4 | B7: =IF((COUNTBLANK(AA7)=0),Stats!$E$7,IF((COUNTBLANK(N7)=0),IF((COUNTBLANK(X7)=0),IF((COUNTBLANK(AD7)=0),Stats!$E$6,Stats!$E$5),Stats!$E$4),"")) -> Death | C7: =IF(B7=Stats!$E$5,Stats!$E$11,"") | D7: 45712 | E7: =IFERROR(TODAY()-DATE(2000+MID(F7,SEARCH("-",F7,SEARCH("-",F7)+1)+1,2),MID(F7,SEARCH("-",F7,SEARCH("-",F7)+1)+3,2),MID(F7,SEARCH("-",F7,SEARCH("-",F7)+1)+5,2)),"") -> 499 | F7: 999-01-241001-11-049 | G7: o01/113 | H7: C57Bl/6J | I7: Male ♂ | J7: PE/EA/54-02/2019 | L7: Freely moving | M7: =COUNTA(D7)*COUNTA(F7)*COUNTA(J7)*COUNTA(L7) -> 1 | N7: 45687 | O7: S. Eszter | P7: AG54 | S7: 1x | T7: V1 | U7: -400 | V7: 400 | W7: no sign | X7: 45705 | Y7: PL - Popara Lídia | AA7: 45721 | AB7: anatomical test | AC7: IGAZÁBÓL EZ A HALOTT (m1 helyett, fülek alapján) | AF7: -
A8: Mouse_5 | B8: =IF((COUNTBLANK(AA8)=0),Stats!$E$7,IF((COUNTBLANK(N8)=0),IF((COUNTBLANK(X8)=0),IF((COUNTBLANK(AD8)=0),Stats!$E$6,Stats!$E$5),Stats!$E$4),"")) -> Death | C8: =IF(B8=Stats!$E$5,Stats!$E$11,"") | D8: 45712 | E8: =IFERROR(TODAY()-DATE(2000+MID(F8,SEARCH("-",F8,SEARCH("-",F8)+1)+1,2),MID(F8,SEARCH("-",F8,SEARCH("-",F8)+1)+3,2),MID(F8,SEARCH("-",F8,SEARCH("-",F8)+1)+5,2)),"") -> 463 | F8: 999-01-241106-11-090 | G8: o01/111 | H8: C57Bl/6J | I8: Male ♂ | J8: PE/EA/54-02/2019 | L8: Freely moving | M8: =COUNTA(D8)*COUNTA(F8)*COUNTA(J8)*COUNTA(L8) -> 1 | N8: 45688 | O8: S. Eszter | P8: AAV157 | Q8: AAV381 | S8: 1x, 1000 | T8: V1 | U8: -400 | V8: 400 | W8: left | X8: 45698 | Y8: PL - Popara Lídia | AA8: 45769 | AB8: death (sickness) | AC8: ez egy FORCEos egér, gyenge jel, de van néhány sejt, volt rajtuk AP is; allstaff\DATA\jasz.anna\VIP_dendrit\Measurements\VoltageSensors\FORCE\FORCE_checkup_202503212_2.mesc | AD8: 2025.02.28. fragments, N:\DATA\juhasz.gabor\Liliom\GCaMP6fCheckUpcage111all.mes | AE8: 2023-03-05 fragmented cells (n:\DATA\szalay.gergely\mes2025\check-up\2025-03-05_mous5_check-up.mes) | AF8: !!!
A9: Mouse_6 | B9: =IF((COUNTBLANK(AA9)=0),Stats!$E$7,IF((COUNTBLANK(N9)=0),IF((COUNTBLANK(X9)=0),IF((COUNTBLANK(AD9)=0),Stats!$E$6,Stats!$E$5),Stats!$E$4),"")) -> Death | C9: =IF(B9=Stats!$E$5,Stats!$E$11,"") | D9: 45712 | E9: =IFERROR(TODAY()-DATE(2000+MID(F9,SEARCH("-",F9,SEARCH("-",F9)+1)+1,2),MID(F9,SEARCH("-",F9,SEARCH("-",F9)+1)+3,2),MID(F9,SEARCH("-",F9,SEARCH("-",F9)+1)+5,2)),"") -> 463 | F9: 999-01-241106-11-091 | G9: o01/111 | H9: C57Bl/6J | I9: Male ♂ | J9: PE/EA/54-02/2019 | L9: Freely moving | M9: =COUNTA(D9)*COUNTA(F9)*COUNTA(J9)*COUNTA(L9) -> 1 | N9: 45688 | O9: S. Eszter | P9: AAV157 | Q9: AAV381 | S9: 1x, 1000 | T9: V1 | U9: -400 | V9: 400 | W9: left+righ | X9: 45698 | Y9: PL - Popara Lídia | AA9: 45863 | AB9: humane endpoint | AC9: szép gCampes állat, vis jelek, minden rétegben szép sejtek; allstaff\DATA\jasz.anna\VIP_dendrit\Measurements\VoltageSensors\FORCE\FORCE_checkup_202503212_2.mesc | AD9: 2025.02.28. fragments, N:\DATA\juhasz.gabor\Liliom\GCaMP6fCheckUpcage111all.mes | AE9: 2023-03-05 fragmented cells (n:\DATA\szalay.gergely\mes2025\check-up\2025-03-05_mous6_check-up.mes) | AF9: -
A10: Mouse_7 | B10: =IF((COUNTBLANK(AA10)=0),Stats!$E$7,IF((COUNTBLANK(N10)=0),IF((COUNTBLANK(X10)=0),IF((COUNTBLANK(AD10)=0),Stats!$E$6,Stats!$E$5),Stats!$E$4),"")) -> Death | C10: =IF(B10=Stats!$E$5,Stats!$E$11,"") | D10: 45712 | E10: =IFERROR(TODAY()-DATE(2000+MID(F10,SEARCH("-",F10,SEARCH("-",F10)+1)+1,2),MID(F10,SEARCH("-",F10,SEARCH("-",F10)+1)+3,2),MID(F10,SEARCH("-",F10,SEARCH("-",F10)+1)+5,2)),"") -> 463 | F10: 999-01-241106-11-092 | G10: o01/111 | H10: C57Bl/6J | I10: Male ♂ | J10: PE/EA/54-02/2019 | L10: Freely moving | M10: =COUNTA(D10)*COUNTA(F10)*COUNTA(J10)*COUNTA(L10) -> 1 | N10: 45688 | O10: S. Eszter | P10: AAV157 | Q10: AAV381 | S10: 1x, 1000 | T10: V1 | U10: -400 | V10: 400 | W10: double left | X10: 45698 | Y10: PL - Popara Lídia | AA10: 45863 | AB10: humane endpoint | AC10: szép gCamp jel visstimre is, szómák mélyen 500körül, iráényszelektív; allstaff\DATA\jasz.anna\VIP_dendrit\Measurements\VoltageSensors\FORCE\FORCE_checkup_202503212_2.mesc | AD10: 2025.02.28. fragments, N:\DATA\juhasz.gabor\Liliom\GCaMP6fCheckUpcage111all.mes | AE10: 2023-03-05 fragmented cells (n:\DATA\szalay.gergely\mes2025\check-up\2025-03-05_mous7_check-up.mes) | AF10: -
A11: Mouse_8 | B11: =IF((COUNTBLANK(AA11)=0),Stats!$E$7,IF((COUNTBLANK(N11)=0),IF((COUNTBLANK(X11)=0),IF((COUNTBLANK(AD11)=0),Stats!$E$6,Stats!$E$5),Stats!$E$4),"")) -> Death | C11: =IF(B11=Stats!$E$5,Stats!$E$11,"") | D11: 45712 | E11: =IFERROR(TODAY()-DATE(2000+MID(F11,SEARCH("-",F11,SEARCH("-",F11)+1)+1,2),MID(F11,SEARCH("-",F11,SEARCH("-",F11)+1)+3,2),MID(F11,SEARCH("-",F11,SEARCH("-",F11)+1)+5,2)),"") -> 458 | F11: 999-01-241111-11-032 | G11: o01/112 | H11: C57Bl/6J | I11: Male ♂ | J11: PE/EA/54-02/2019 | L11: Freely moving | M11: =COUNTA(D11)*COUNTA(F11)*COUNTA(J11)*COUNTA(L11) -> 1 | N11: 45688 | O11: S. Eszter | P11: AG54 | S11: 1x | T11: V1 | U11: -400 | V11: 400 | W11: left | X11: 45698 | Y11: WK - Wéber Katalin | AA11: 45721 | AB11: anatomical test | AD11: - | AE11: 2023-03-05 weak labeling, no signal (n:\DATA\szalay.gergely\mes2025\check-up\2025-03-05_mouse8_check-up.mes) | AF11: -
A12: Mouse_9 | B12: =IF((COUNTBLANK(AA12)=0),Stats!$E$7,IF((COUNTBLANK(N12)=0),IF((COUNTBLANK(X12)=0),IF((COUNTBLANK(AD12)=0),Stats!$E$6,Stats!$E$5),Stats!$E$4),"")) -> Death | C12: =IF(B12=Stats!$E$5,Stats!$E$11,"") | D12: 45712 | E12: =IFERROR(TODAY()-DATE(2000+MID(F12,SEARCH("-",F12,SEARCH("-",F12)+1)+1,2),MID(F12,SEARCH("-",F12,SEARCH("-",F12)+1)+3,2),MID(F12,SEARCH("-",F12,SEARCH("-",F12)+1)+5,2)),"") -> 458 | F12: 999-01-241111-11-033 | G12: o01/112 | H12: C57Bl/6J | I12: Male ♂ | J12: PE/EA/54-02/2019 | L12: Freely moving | M12: =COUNTA(D12)*COUNTA(F12)*COUNTA(J12)*COUNTA(L12) -> 1 | N12: 45688 | O12: S. Eszter | P12: AG54 | S12: 1x | T12: V1 | U12: -400 | V12: 400 | W12: right | X12: 45698 | Y12: WK - Wéber Katalin | AA12: 45863 | AB12: humane endpoint | AC12: szép exp., jelek vannak, van köztük szép is, sejtek mindenhol; allstaff\DATA\jasz.anna\VIP_dendrit\Measurements\VoltageSensors\FORCE\FORCE_checkup_202503211.mesc | AD12: -
A13: Mouse_10 | B13: =IF((COUNTBLANK(AA13)=0),Stats!$E$7,IF((COUNTBLANK(N13)=0),IF((COUNTBLANK(X13)=0),IF((COUNTBLANK(AD13)=0),Stats!$E$6,Stats!$E$5),Stats!$E$4),"")) -> Death | C13: =IF(B13=Stats!$E$5,Stats!$E$11,"") | D13: 45712 | E13: =IFERROR(TODAY()-DATE(2000+MID(F13,SEARCH("-",F13,SEARCH("-",F13)+1)+1,2),MID(F13,SEARCH("-",F13,SEARCH("-",F13)+1)+3,2),MID(F13,SEARCH("-",F13,SEARCH("-",F13)+1)+5,2)),"") -> 458 | F13: 999-01-241111-11-034 | G13: o01/112 | H13: C57Bl/6J | I13: Male ♂ | J13: PE/EA/54-02/2019 | L13: Freely moving | M13: =COUNTA(D13)*COUNTA(F13)*COUNTA(J13)*COUNTA(L13) -> 1 | N13: 45688 | O13: S. Eszter | P13: AG54 | S13: 10x | T13: V1 | U13: -400 | V13: 400 | W13: left+righ | X13: 45698 | Y13: WK - Wéber Katalin | AA13: 45863 | AB13: humane endpoint | AC13: van szép expr., de kevés sejten, mélyen 400-500 között azokon van jel is Measurements\VoltageSensors\FORCE\FORCE_checkup_202503212_2.mesc | AD13: - | AE13: 2025-03-05 endothel labeling (n:\DATA\szalay.gergely\mes2025\check-up\2025-03-05_mouse10_check-up.mes) | AF13: !!!
A14: Mouse_11 | B14: =IF((COUNTBLANK(AA14)=0),Stats!$E$7,IF((COUNTBLANK(N14)=0),IF((COUNTBLANK(X14)=0),IF((COUNTBLANK(AD14)=0),Stats!$E$6,Stats!$E$5),Stats!$E$4),"")) -> Death | C14: =IF(B14=Stats!$E$5,Stats!$E$11,"") | D14: 45712 | E14: =IFERROR(TODAY()-DATE(2000+MID(F14,SEARCH("-",F14,SEARCH("-",F14)+1)+1,2),MID(F14,SEARCH("-",F14,SEARCH("-",F14)+1)+3,2),MID(F14,SEARCH("-",F14,SEARCH("-",F14)+1)+5,2)),"") -> 458 | F14: 999-01-241111-11-035 | G14: o01/112 | H14: C57Bl/6J | I14: Male ♂ | J14: PE/EA/54-02/2019 | L14: Freely moving | M14: =COUNTA(D14)*COUNTA(F14)*COUNTA(J14)*COUNTA(L14) -> 1 | N14: 45688 | O14: S. Eszter | P14: AG54 | S14: 10x | T14: V1 | U14: -400 | V14: 400 | W14: no sign | X14: 45698 | Y14: WK - Wéber Katalin | AA14: 45721 | AB14: anatomical test | AD14: - | AE14: 2023-03-05 weak labeling, no signal (n:\DATA\szalay.gergely\mes2025\check-up\2025-03-05_mouse14_check-up.mes) | AF14: -
A15: Mouse_12 | B15: =IF((COUNTBLANK(AA15)=0),Stats!$E$7,IF((COUNTBLANK(N15)=0),IF((COUNTBLANK(X15)=0),IF((COUNTBLANK(AD15)=0),Stats!$E$6,Stats!$E$5),Stats!$E$4),"")) -> Death | C15: =IF(B15=Stats!$E$5,Stats!$E$11,"") | D15: 45712 | E15: =IFERROR(TODAY()-DATE(2000+MID(F15,SEARCH("-",F15,SEARCH("-",F15)+1)+1,2),MID(F15,SEARCH("-",F15,SEARCH("-",F15)+1)+3,2),MID(F15,SEARCH("-",F15,SEARCH("-",F15)+1)+5,2)),"") -> 499 | F15: 999-01-241001-21-051 | G15: o01/114 | H15: C57Bl/6J | I15: Female ♀ | J15: PE/EA/54-02/2019 | L15: Freely moving | M15: =COUNTA(D15)*COUNTA(F15)*COUNTA(J15)*COUNTA(L15) -> 1 | N15: 45688 | O15: S. Eszter | P15: AG54 | S15: 1x | T15: V1 | U15: -400 | V15: 400 | W15: no sign | X15: 45705 | Y15: WK - Wéber Katalin | AA15: 45863 | AB15: humane endpoint | AD15: - | AE15: 2023-03-05 weak labeling, no signal (n:\DATA\szalay.gergely\mes2025\check-up\2025-03-05_mouse12_check-up.mes) | AF15: atlas checkup: ‪\\192.168.42.3\allstaff\DATA\kertesz.borbala\2025.03.13.m12_m13_m15_checkup.mesc
A16: Mouse_13 | B16: =IF((COUNTBLANK(AA16)=0),Stats!$E$7,IF((COUNTBLANK(N16)=0),IF((COUNTBLANK(X16)=0),IF((COUNTBLANK(AD16)=0),Stats!$E$6,Stats!$E$5),Stats!$E$4),"")) -> Death | C16: =IF(B16=Stats!$E$5,Stats!$E$11,"") | D16: 45712 | E16: =IFERROR(TODAY()-DATE(2000+MID(F16,SEARCH("-",F16,SEARCH("-",F16)+1)+1,2),MID(F16,SEARCH("-",F16,SEARCH("-",F16)+1)+3,2),MID(F16,SEARCH("-",F16,SEARCH("-",F16)+1)+5,2)),"") -> 499 | F16: 999-01-241001-21-052 | G16: o01/114 | H16: C57Bl/6J | I16: Female ♀ | J16: PE/EA/54-02/2019 | L16: Freely moving | M16: =COUNTA(D16)*COUNTA(F16)*COUNTA(J16)*COUNTA(L16) -> 1 | N16: 45688 | O16: S. Eszter | P16: AG54 | S16: 10x | T16: V1 | U16: -400 | V16: 400 | W16: left | X16: 45705 | Y16: WK - Wéber Katalin | AA16: 45863 | AB16: humane endpoint | AD16: - | AE16: 2023-03-05 bown regrown | AF16: atlas checkup: ‪\\192.168.42.3\allstaff\DATA\kertesz.borbala\2025.03.13.m12_m13_m15_checkup.mesc
A17: Mouse_14 | B17: =IF((COUNTBLANK(AA17)=0),Stats!$E$7,IF((COUNTBLANK(N17)=0),IF((COUNTBLANK(X17)=0),IF((COUNTBLANK(AD17)=0),Stats!$E$6,Stats!$E$5),Stats!$E$4),"")) -> Death | C17: =IF(B17=Stats!$E$5,Stats!$E$11,"") | D17: 45712 | E17: =IFERROR(TODAY()-DATE(2000+MID(F17,SEARCH("-",F17,SEARCH("-",F17)+1)+1,2),MID(F17,SEARCH("-",F17,SEARCH("-",F17)+1)+3,2),MID(F17,SEARCH("-",F17,SEARCH("-",F17)+1)+5,2)),"") -> 499 | F17: 999-01-241001-21-053 | G17: o01/114 | H17: C57Bl/6J | I17: Female ♀ | J17: PE/EA/54-02/2019 | L17: Freely moving | M17: =COUNTA(D17)*COUNTA(F17)*COUNTA(J17)*COUNTA(L17) -> 1 | N17: 45688 | O17: S. Eszter | P17: AG54 | S17: 10x | T17: V1 | U17: -400 | V17: 400 | W17: right | X17: 45705 | Y17: WK - Wéber Katalin | AA17: 45863 | AB17: humane endpoint | AC17: szép expresszió, minden rétegben, szép jel, kicsit már öregszik; allstaff\DATA\jasz.anna\VIP_dendrit\Measurements\VoltageSensors\FORCE\FORCE_checkup_202503210.mesc | AD17: 2025.02.27. no expression N:\DATA\soos.andras.aron\FORCE_checkup.mes | AE17: 2023-03-05 weak labeling, no signal (n:\DATA\szalay.gergely\mes2025\check-up\2025-03-05_mouse14_check-up.mes) | AF17: N:\DATA\soos.andras.aron\m14_250307_force_vsstim.mesc
A18: Mouse_15 | B18: =IF((COUNTBLANK(AA18)=0),Stats!$E$7,IF((COUNTBLANK(N18)=0),IF((COUNTBLANK(X18)=0),IF((COUNTBLANK(AD18)=0),Stats!$E$6,Stats!$E$5),Stats!$E$4),"")) -> Death | C18: =IF(B18=Stats!$E$5,Stats!$E$11,"") | D18: 45712 | E18: =IFERROR(TODAY()-DATE(2000+MID(F18,SEARCH("-",F18,SEARCH("-",F18)+1)+1,2),MID(F18,SEARCH("-",F18,SEARCH("-",F18)+1)+3,2),MID(F18,SEARCH("-",F18,SEARCH("-",F18)+1)+5,2)),"") -> 499 | F18: 999-01-241001-21-054 | G18: o01/114 | H18: C57Bl/6J | I18: Female ♀ | J18: PE/EA/54-02/2019 | L18: Freely moving | M18: =COUNTA(D18)*COUNTA(F18)*COUNTA(J18)*COUNTA(L18) -> 1 | N18: 45688 | O18: S. Eszter | P18: AG54 | S18: 10x | T18: V1 | U18: -400 | V18: 400 | W18: left+righ | X18: 45705 | Y18: WK - Wéber Katalin | AA18: 45863 | AB18: humane endpoint | AD18: 2025.02.27. no expression N:\DATA\soos.andras.aron\FORCE_checkup.mes | AE18: 2023-03-05 weak labeling, no signal (n:\DATA\szalay.gergely\mes2025\check-up\2025-03-05_mouse15_check-up.mes) | AF18: atlas checkup: ‪\\192.168.42.3\allstaff\DATA\kertesz.borbala\2025.03.13.m12_m13_m15_checkup.mesc
A19: Mouse_16 | B19: =IF((COUNTBLANK(AA19)=0),Stats!$E$7,IF((COUNTBLANK(N19)=0),IF((COUNTBLANK(X19)=0),IF((COUNTBLANK(AD19)=0),Stats!$E$6,Stats!$E$5),Stats!$E$4),"")) -> Death | C19: Behavior | D19: 45712 | E19: =IFERROR(TODAY()-DATE(2000+MID(F19,SEARCH("-",F19,SEARCH("-",F19)+1)+1,2),MID(F19,SEARCH("-",F19,SEARCH("-",F19)+1)+3,2),MID(F19,SEARCH("-",F19,SEARCH("-",F19)+1)+5,2)),"") -> 461 | F19: A9F-01-24110821-111/356025 | G19: o01/116 | H19: TG_GCaMP6s_DA | I19: Female ♀ | J19: PE/EA/54-02/2019 | K19: Tarján Balázs | L19: Freely moving | M19: =COUNTA(D19)*COUNTA(F19)*COUNTA(J19)*COUNTA(L19) -> 1 | N19: - | O19: - | X19: 45706 | Y19: WK - Wéber Katalin | AA19: 45931 | AB19: death (lost headplate) | AD19: 2025.02.27. nice expression N:\DATA\soos.andras.aron\Gcamp6s_Force_checkup_116_111_113_114.mes | AE19: 2025.07.10. nice, N:\DATA\tarjan.balazs\2025.07.10.checkup-cage116-m32\2025-07-10-cage116null-cage116left1-m32_checkup.mesc | AF19: -
A20: Mouse_17 | B20: =IF((COUNTBLANK(AA20)=0),Stats!$E$7,IF((COUNTBLANK(N20)=0),IF((COUNTBLANK(X20)=0),IF((COUNTBLANK(AD20)=0),Stats!$E$6,Stats!$E$5),Stats!$E$4),"")) -> Death | C20: Behavior | D20: 45712 | E20: =IFERROR(TODAY()-DATE(2000+MID(F20,SEARCH("-",F20,SEARCH("-",F20)+1)+1,2),MID(F20,SEARCH("-",F20,SEARCH("-",F20)+1)+3,2),MID(F20,SEARCH("-",F20,SEARCH("-",F20)+1)+5,2)),"") -> 461 | F20: A9F-01-24110821-111/356026 | G20: o01/116 | H20: TG_GCaMP6s_DA | I20: Female ♀ | J20: PE/EA/54-02/2019 | K20: Tarján Balázs | L20: Freely moving | M20: =COUNTA(D20)*COUNTA(F20)*COUNTA(J20)*COUNTA(L20) -> 1 | N20: - | O20: - | X20: 45706 | Y20: WK - Wéber Katalin | AA20: 45931 | AB20: death (lost headplate) | AD20: 2025.02.27. nice expression N:\DATA\soos.andras.aron\Gcamp6s_Force_checkup_116_111_113_114.mes | AE20: 2025.07.10. nice, N:\DATA\tarjan.balazs\2025.07.10.checkup-cage116-m32\2025-07-10-cage116null-cage116left1-m32_checkup.mesc | AF20: -
A21: Mouse_18 | B21: =IF((COUNTBLANK(AA21)=0),Stats!$E$7,IF((COUNTBLANK(N21)=0),IF((COUNTBLANK(X21)=0),IF((COUNTBLANK(AD21)=0),Stats!$E$6,Stats!$E$5),Stats!$E$4),"")) -> Experiment | C21: Behavior | D21: 45712 | E21: =IFERROR(TODAY()-DATE(2000+MID(F21,SEARCH("-",F21,SEARCH("-",F21)+1)+1,2),MID(F21,SEARCH("-",F21,SEARCH("-",F21)+1)+3,2),MID(F21,SEARCH("-",F21,SEARCH("-",F21)+1)+5,2)),"") -> 433 | F21: A9F-01-241206-11-049 | G21: o01/115 | H21: TG_GCaMP6s_DA | I21: Male ♂ | J21: PE/EA/54-02/2019 | K21: Tarján Balázs | L21: Freely moving | M21: =COUNTA(D21)*COUNTA(F21)*COUNTA(J21)*COUNTA(L21) -> 1 | N21: - | O21: - | W21: no | X21: 45706 | Y21: WK - Wéber Katalin | AD21: 2025.02.28. nice, N:\DATA\juhasz.gabor\Liliom\transgeneGCaMP6sCheckUp.mes | AE21: 2025.07.09. nice, N:\DATA\tarjan.balazs\2025.07.09.checkup-cage152-cage115\2025-07-09-cage152-cage115_checkup.mesc | AF21: -
A22: Mouse_19 | B22: =IF((COUNTBLANK(AA22)=0),Stats!$E$7,IF((COUNTBLANK(N22)=0),IF((COUNTBLANK(X22)=0),IF((COUNTBLANK(AD22)=0),Stats!$E$6,Stats!$E$5),Stats!$E$4),"")) -> Death | C22: =IF(B22=Stats!$E$5,Stats!$E$11,"") | D22: 45712 | E22: =IFERROR(TODAY()-DATE(2000+MID(F22,SEARCH("-",F22,SEARCH("-",F22)+1)+1,2),MID(F22,SEARCH("-",F22,SEARCH("-",F22)+1)+3,2),MID(F22,SEARCH("-",F22,SEARCH("-",F22)+1)+5,2)),"") -> 433 | F22: A9F-01-241206-11-052 | G22: o01/115 | H22: TG_GCaMP6s_DA | I22: Male ♂ | J22: PE/EA/54-02/2019 | L22: Freely moving | M22: =COUNTA(D22)*COUNTA(F22)*COUNTA(J22)*COUNTA(L22) -> 1 | N22: - | O22: - | W22: right | X22: 45706 | Y22: WK - Wéber Katalin | AA22: 45740 | AB22: death (lost headplate) | AD22: 2025.02.28. growth, N:\DATA\juhasz.gabor\Liliom\transgeneGCaMP6sCheckUp.mes | AF22: -
A23: Mouse_20 | B23: =IF((COUNTBLANK(AA23)=0),Stats!$E$7,IF((COUNTBLANK(N23)=0),IF((COUNTBLANK(X23)=0),IF((COUNTBLANK(AD23)=0),Stats!$E$6,Stats!$E$5),Stats!$E$4),"")) -> Experiment | C23: Behavior | D23: 45712 | E23: =IFERROR(TODAY()-DATE(2000+MID(F23,SEARCH("-",F23,SEARCH("-",F23)+1)+1,2),MID(F23,SEARCH("-",F23,SEARCH("-",F23)+1)+3,2),MID(F23,SEARCH("-",F23,SEARCH("-",F23)+1)+5,2)),"") -> 433 | F23: A9F-01-241206-11-049 | G23: o01/152 | H23: TG_GCaMP6s_DA | I23: Male ♂ | J23: PE/EA/54-02/2019 | K23: Tarján Balázs | L23: Freely moving | M23: =COUNTA(D23)*COUNTA(F23)*COUNTA(J23)*COUNTA(L23) -> 1 | N23: - | O23: - | W23: no | X23: 45706 | Y23: WK - Wéber Katalin | AD23: 2025.02.28. nice, N:\DATA\juhasz.gabor\Liliom\transgeneGCaMP6sCheckUp.mes | AE23: 2025.07.09. nice, N:\DATA\tarjan.balazs\2025.07.09.checkup-cage152-cage115\2025-07-09-cage152-cage115_checkup.mesc | AF23: -
A24: Mouse_21 | B24: =IF((COUNTBLANK(AA24)=0),Stats!$E$7,IF((COUNTBLANK(N24)=0),IF((COUNTBLANK(X24)=0),IF((COUNTBLANK(AD24)=0),Stats!$E$6,Stats!$E$5),Stats!$E$4),"")) -> Death | C24: =IF(B24=Stats!$E$5,Stats!$E$11,"") | D24: 45726 | E24: =IFERROR(TODAY()-DATE(2000+MID(F24,SEARCH("-",F24,SEARCH("-",F24)+1)+1,2),MID(F24,SEARCH("-",F24,SEARCH("-",F24)+1)+3,2),MID(F24,SEARCH("-",F24,SEARCH("-",F24)+1)+5,2)),"") -> 423 | F24: 628-49-241216-21-006 | G24: o01/112 | H24: Thy1-Cre | I24: Female ♀ | J24: PE/EA/54-02/2019 | L24: Freely moving | M24: =COUNTA(D24)*COUNTA(F24)*COUNTA(J24)*COUNTA(L24) -> 1 | N24: 45721 | O24: KB - Kocsis Bálint | P24: AG53 | Q24: AAV428 | S24: 1x,10x | T24: V1 | U24: -400 | V24: 400 | W24: left | X24: 45791 | AA24: 45835 | AB24: death (lost headplate) | AC24: PPKE in vitro-ra ; él, check up 2025/04/29
A25: Mouse_22 | B25: =IF((COUNTBLANK(AA25)=0),Stats!$E$7,IF((COUNTBLANK(N25)=0),IF((COUNTBLANK(X25)=0),IF((COUNTBLANK(AD25)=0),Stats!$E$6,Stats!$E$5),Stats!$E$4),"")) -> Death | C25: =IF(B25=Stats!$E$5,Stats!$E$11,"") | D25: 45726 | E25: =IFERROR(TODAY()-DATE(2000+MID(F25,SEARCH("-",F25,SEARCH("-",F25)+1)+1,2),MID(F25,SEARCH("-",F25,SEARCH("-",F25)+1)+3,2),MID(F25,SEARCH("-",F25,SEARCH("-",F25)+1)+5,2)),"") -> 423 | F25: 628-49-241216-21-007 | G25: o01/112 | H25: Thy1-Cre | I25: Female ♀ | J25: PE/EA/54-02/2019 | L25: Freely moving | M25: =COUNTA(D25)*COUNTA(F25)*COUNTA(J25)*COUNTA(L25) -> 1 | N25: 45721 | O25: KB - Kocsis Bálint | P25: AG53 | Q25: AAV428 | S25: 1x,10x | T25: V1 | U25: -400 | V25: 400 | W25: right | X25: 45791 | AA25: 45809 | AB25: death (other) | AC25: PPKE in vitro-ra
A26: Mouse_23 | B26: =IF((COUNTBLANK(AA26)=0),Stats!$E$7,IF((COUNTBLANK(N26)=0),IF((COUNTBLANK(X26)=0),IF((COUNTBLANK(AD26)=0),Stats!$E$6,Stats!$E$5),Stats!$E$4),"")) -> Death | C26: =IF(B26=Stats!$E$5,Stats!$E$11,"") | D26: 45726 | E26: =IFERROR(TODAY()-DATE(2000+MID(F26,SEARCH("-",F26,SEARCH("-",F26)+1)+1,2),MID(F26,SEARCH("-",F26,SEARCH("-",F26)+1)+3,2),MID(F26,SEARCH("-",F26,SEARCH("-",F26)+1)+5,2)),"") -> 423 | F26: 628-49-241216-21-008 | G26: o01/112 | H26: Thy1-Cre | I26: Female ♀ | J26: PE/EA/54-02/2019 | L26: Freely moving | M26: =COUNTA(D26)*COUNTA(F26)*COUNTA(J26)*COUNTA(L26) -> 1 | N26: 45721 | O26: KB - Kocsis Bálint | P26: AG53 | Q26: AAV428 | S26: 10x,10x | T26: V1 | U26: -400 | V26: 400 | W26: left+righ | X26: 45791 | AA26: 45809 | AB26: death (other) | AC26: PPKE in vitro-ra
A27: Mouse_24 | B27: =IF((COUNTBLANK(AA27)=0),Stats!$E$7,IF((COUNTBLANK(N27)=0),IF((COUNTBLANK(X27)=0),IF((COUNTBLANK(AD27)=0),Stats!$E$6,Stats!$E$5),Stats!$E$4),"")) -> Death | C27: Behavior | D27: 45726 | E27: =IFERROR(TODAY()-DATE(2000+MID(F27,SEARCH("-",F27,SEARCH("-",F27)+1)+1,2),MID(F27,SEARCH("-",F27,SEARCH("-",F27)+1)+3,2),MID(F27,SEARCH("-",F27,SEARCH("-",F27)+1)+5,2)),"") -> 423 | F27: 628-49-241216-21-009 | G27: o01/112 | H27: Thy1-Cre | I27: Female ♀ | J27: PE/EA/54-02/2019 | K27: Tarján Balázs | L27: Freely moving | M27: =COUNTA(D27)*COUNTA(F27)*COUNTA(J27)*COUNTA(L27) -> 1 | N27: 45721 | O27: KB - Kocsis Bálint | P27: AG53 | Q27: AAV428 | S27: 10x,10x | T27: V1 | U27: -400 | V27: 400 | W27: none | AA27: 45946 | AB27: death (lost headplate) | AC27: PPKE in vitro-ra , él, check up 2025/04/29 jó juelölés nincs, de valami van, nucleus festés ok
A28: Mouse_25 | B28: =IF((COUNTBLANK(AA28)=0),Stats!$E$7,IF((COUNTBLANK(N28)=0),IF((COUNTBLANK(X28)=0),IF((COUNTBLANK(AD28)=0),Stats!$E$6,Stats!$E$5),Stats!$E$4),"")) -> Death | C28: =IF(B28=Stats!$E$5,Stats!$E$11,"") | D28: 45726 | E28: =IFERROR(TODAY()-DATE(2000+MID(F28,SEARCH("-",F28,SEARCH("-",F28)+1)+1,2),MID(F28,SEARCH("-",F28,SEARCH("-",F28)+1)+3,2),MID(F28,SEARCH("-",F28,SEARCH("-",F28)+1)+5,2)),"") -> 419 | F28: 999-01-241220-11-048 | G28: o01/113 | H28: C57Bl/6J | I28: Male ♂ | J28: PE/EA/54-02/2019 | L28: Freely moving | M28: =COUNTA(D28)*COUNTA(F28)*COUNTA(J28)*COUNTA(L28) -> 1 | N28: 45720 | O28: PL - Popara Lídia | P28: AG55 | Q28: AAV428 | S28: 1x,10x | T28: V1 | U28: -300 | V28: 400 | W28: right | X28: 45720 | Y28: PL - Popara Lídia | AA28: 45958 | AB28: humane endpoint | AC28: J1 jelölésű egérben szép FORCE jel, DE 113 számú ketrec \\192.168.42.3\allstaff\DATA\soos.andras.aron\20250314_FORCE_checkup.mesc (beadási helyről fotó az Atlasz számítógépén desktopon: 2025-03-14_FORCEcheckup_m25_j1_113ketrec.ppt), befogható (!!!)
A29: Mouse_26 | B29: =IF((COUNTBLANK(AA29)=0),Stats!$E$7,IF((COUNTBLANK(N29)=0),IF((COUNTBLANK(X29)=0),IF((COUNTBLANK(AD29)=0),Stats!$E$6,Stats!$E$5),Stats!$E$4),"")) -> Death | C29: =IF(B29=Stats!$E$5,Stats!$E$11,"") | D29: 45726 | E29: =IFERROR(TODAY()-DATE(2000+MID(F29,SEARCH("-",F29,SEARCH("-",F29)+1)+1,2),MID(F29,SEARCH("-",F29,SEARCH("-",F29)+1)+3,2),MID(F29,SEARCH("-",F29,SEARCH("-",F29)+1)+5,2)),"") -> 419 | F29: 999-01-241220-11-049 | G29: o01/113 | H29: C57Bl/6J | I29: Male ♂ | J29: PE/EA/54-02/2019 | L29: Freely moving | M29: =COUNTA(D29)*COUNTA(F29)*COUNTA(J29)*COUNTA(L29) -> 1 | N29: 45720 | O29: PL - Popara Lídia | P29: AG55 | Q29: AAV428 | S29: 1x,10x | T29: V1 | U29: -300 | V29: 400 | W29: left | X29: 45720 | Y29: PL - Popara Lídia | AA29: 45958 | AB29: humane endpoint | AC29: szép jelölés, FORCE, jel is van, befogható(!!!)
A30: Mouse_27 | B30: =IF((COUNTBLANK(AA30)=0),Stats!$E$7,IF((COUNTBLANK(N30)=0),IF((COUNTBLANK(X30)=0),IF((COUNTBLANK(AD30)=0),Stats!$E$6,Stats!$E$5),Stats!$E$4),"")) -> Death | C30: =IF(B30=Stats!$E$5,Stats!$E$11,"") | D30: 45726 | E30: =IFERROR(TODAY()-DATE(2000+MID(F30,SEARCH("-",F30,SEARCH("-",F30)+1)+1,2),MID(F30,SEARCH("-",F30,SEARCH("-",F30)+1)+3,2),MID(F30,SEARCH("-",F30,SEARCH("-",F30)+1)+5,2)),"") -> 419 | F30: 999-01-241220-11-050 | G30: o01/113 | H30: C57Bl/6J | I30: Male ♂ | J30: PE/EA/54-02/2019 | L30: Freely moving | M30: =COUNTA(D30)*COUNTA(F30)*COUNTA(J30)*COUNTA(L30) -> 1 | N30: 45720 | O30: PL - Popara Lídia | P30: AG55 | Q30: AAV428 | S30: 10x,10x | T30: V1 | U30: -300 | V30: 400 | W30: none | X30: 45720 | Y30: PL - Popara Lídia | AA30: 45958 | AB30: humane endpoint | AC30: nagyon szép jel, FORCE, befogható(!!!)
A31: Mouse_28 | B31: =IF((COUNTBLANK(AA31)=0),Stats!$E$7,IF((COUNTBLANK(N31)=0),IF((COUNTBLANK(X31)=0),IF((COUNTBLANK(AD31)=0),Stats!$E$6,Stats!$E$5),Stats!$E$4),"")) -> Check-up | C31: Behavior | D31: 45726 | E31: =IFERROR(TODAY()-DATE(2000+MID(F31,SEARCH("-",F31,SEARCH("-",F31)+1)+1,2),MID(F31,SEARCH("-",F31,SEARCH("-",F31)+1)+3,2),MID(F31,SEARCH("-",F31,SEARCH("-",F31)+1)+5,2)),"") -> 419 | F31: 999-01-241220-11-059 | G31: o01/114 | H31: C57Bl/6J | I31: Male ♂ | J31: PE/EA/54-02/2019 | K31: Tarján Balázs | L31: Freely moving | M31: =COUNTA(D31)*COUNTA(F31)*COUNTA(J31)*COUNTA(L31) -> 1 | N31: 45720 | O31: PL - Popara Lídia | P31: AAV197 | Q31: AAV262 | S31: 10x,10x | T31: V1 | U31: -300 | V31: 400 | W31: left | X31: 45720 | Y31: PL - Popara Lídia | AC31: nagyon szép gCamp jel; N:\DATA\jasz.anna\VIP_dendrit\Measurements\VoltageSensors\FORCE\FORCE_checkup_202503212.mesc /12_2
A32: Mouse_29 | B32: =IF((COUNTBLANK(AA32)=0),Stats!$E$7,IF((COUNTBLANK(N32)=0),IF((COUNTBLANK(X32)=0),IF((COUNTBLANK(AD32)=0),Stats!$E$6,Stats!$E$5),Stats!$E$4),"")) -> Death | C32: Behavior | D32: 45726 | E32: =IFERROR(TODAY()-DATE(2000+MID(F32,SEARCH("-",F32,SEARCH("-",F32)+1)+1,2),MID(F32,SEARCH("-",F32,SEARCH("-",F32)+1)+3,2),MID(F32,SEARCH("-",F32,SEARCH("-",F32)+1)+5,2)),"") -> 419 | F32: 999-01-241220-11-060 | G32: o01/114 | H32: C57Bl/6J | I32: Male ♂ | J32: PE/EA/54-02/2019 | K32: Tarján Balázs | L32: Freely moving | N32: 45720 | O32: PL - Popara Lídia | P32: AAV197 | Q32: AAV262 | S32: 10000x,2x | T32: V1 | U32: -300 | V32: 400 | W32: right | X32: 45720 | Y32: PL - Popara Lídia | AA32: 45946 | AB32: death (lost headplate) | AC32: nagyon szép gCamp jel; N:\DATA\jasz.anna\VIP_dendrit\Measurements\VoltageSensors\FORCE\FORCE_checkup_202503212.mesc /12_2
A33: Mouse_30 | B33: =IF((COUNTBLANK(AA33)=0),Stats!$E$7,IF((COUNTBLANK(N33)=0),IF((COUNTBLANK(X33)=0),IF((COUNTBLANK(AD33)=0),Stats!$E$6,Stats!$E$5),Stats!$E$4),"")) -> Death | C33: =IF(B33=Stats!$E$5,Stats!$E$11,"") | D33: 45726 | E33: =IFERROR(TODAY()-DATE(2000+MID(F33,SEARCH("-",F33,SEARCH("-",F33)+1)+1,2),MID(F33,SEARCH("-",F33,SEARCH("-",F33)+1)+3,2),MID(F33,SEARCH("-",F33,SEARCH("-",F33)+1)+5,2)),"") -> 419 | F33: 999-01-241220-11-061 | G33: o01/111 | H33: C57Bl/6J | I33: Male ♂ | J33: PE/EA/54-02/2019 | L33: Freely moving | N33: 45723 | O33: PL - Popara Lídia | P33: AG49 | S33: 1x | T33: V1 | U33: -300 | V33: 400 | W33: left | X33: 45723 | Y33: PL - Popara Lídia | AA33: 45884 | AC33: JEDI
A34: Mouse_31 | B34: =IF((COUNTBLANK(AA34)=0),Stats!$E$7,IF((COUNTBLANK(N34)=0),IF((COUNTBLANK(X34)=0),IF((COUNTBLANK(AD34)=0),Stats!$E$6,Stats!$E$5),Stats!$E$4),"")) -> Death | C34: Anatomy | D34: 45726 | E34: =IFERROR(TODAY()-DATE(2000+MID(F34,SEARCH("-",F34,SEARCH("-",F34)+1)+1,2),MID(F34,SEARCH("-",F34,SEARCH("-",F34)+1)+3,2),MID(F34,SEARCH("-",F34,SEARCH("-",F34)+1)+5,2)),"") -> 458 | F34: 999-01-241111-21-036 | G34: o01/111 | H34: C57Bl/6J | I34: Female ♀ | J34: PE/EA/54-02/2019 | L34: Freely moving | M34: =COUNTA(D34)*COUNTA(F34)*COUNTA(J34)*COUNTA(L34) -> 1 | N34: 45723 | O34: PL - Popara Lídia | P34: AG49 | S34: 1x | T34: V1 | U34: -300 | V34: 400 | W34: left | X34: 45723 | Y34: PL - Popara Lídia | AA34: 45884 | AC34: JEDI
A35: Mouse_32 | B35: =IF((COUNTBLANK(AA35)=0),Stats!$E$7,IF((COUNTBLANK(N35)=0),IF((COUNTBLANK(X35)=0),IF((COUNTBLANK(AD35)=0),Stats!$E$6,Stats!$E$5),Stats!$E$4),"")) -> Experiment | C35: Behavior | D35: 45726 | E35: =IFERROR(TODAY()-DATE(2000+MID(F35,SEARCH("-",F35,SEARCH("-",F35)+1)+1,2),MID(F35,SEARCH("-",F35,SEARCH("-",F35)+1)+3,2),MID(F35,SEARCH("-",F35,SEARCH("-",F35)+1)+5,2)),"") -> 458 | F35: 999-01-241111-21-037 | G35: o01/111 | H35: Thy1-Cre | I35: Female ♀ | J35: PE/EA/54-02/2019 | K35: Tarján Balázs | L35: Freely moving | M35: =COUNTA(D35)*COUNTA(F35)*COUNTA(J35)*COUNTA(L35) -> 1 | N35: 45723 | O35: PL - Popara Lídia | P35: AAV262 | S35: 5x | T35: V1 | U35: -300 | V35: 400 | W35: both | X35: 45723 | Y35: PL - Popara Lídia | AC35: injektálási területen benövés, szép jelölés postero laterális részen | AD35: 45742 | AE35: 2025.07.10. csontbenoves, N:\DATA\tarjan.balazs\2025.07.10.checkup-cage116-m32\2025-07-10-cage116null-cage116left1-m32_checkup.mesc
A36: Mouse_33 | B36: =IF((COUNTBLANK(AA36)=0),Stats!$E$7,IF((COUNTBLANK(N36)=0),IF((COUNTBLANK(X36)=0),IF((COUNTBLANK(AD36)=0),Stats!$E$6,Stats!$E$5),Stats!$E$4),"")) -> Experiment | C36: Behavior | D36: 45726 | E36: =IFERROR(TODAY()-DATE(2000+MID(F36,SEARCH("-",F36,SEARCH("-",F36)+1)+1,2),MID(F36,SEARCH("-",F36,SEARCH("-",F36)+1)+3,2),MID(F36,SEARCH("-",F36,SEARCH("-",F36)+1)+5,2)),"") -> 458 | F36: 999-01-241111-21-038 | G36: o01/111 | H36: Thy1-Cre | I36: Female ♀ | J36: PE/EA/54-02/2019 | K36: Tarján Balázs | L36: Freely moving | M36: =COUNTA(D36)*COUNTA(F36)*COUNTA(J36)*COUNTA(L36) -> 1 | N36: 45723 | O36: PL - Popara Lídia | P36: AAV262 | S36: 5x | T36: V1 | U36: -300 | V36: 400 | W36: none | X36: 45723 | Y36: PL - Popara Lídia | AC36: kis benövés, szép jelölés | AD36: 45742
A37: Mouse_34 | B37: =IF((COUNTBLANK(AA37)=0),Stats!$E$7,IF((COUNTBLANK(N37)=0),IF((COUNTBLANK(X37)=0),IF((COUNTBLANK(AD37)=0),Stats!$E$6,Stats!$E$5),Stats!$E$4),"")) -> Death | C37: To define | D37: 45726 | E37: =IFERROR(TODAY()-DATE(2000+MID(F37,SEARCH("-",F37,SEARCH("-",F37)+1)+1,2),MID(F37,SEARCH("-",F37,SEARCH("-",F37)+1)+3,2),MID(F37,SEARCH("-",F37,SEARCH("-",F37)+1)+5,2)),"") -> 423 | F37: 628-49-241216-21-010 | G37: o01/116 | H37: C57Bl/6J | I37: Male ♂ | J37: PE/EA/00329-6/2025 | L37: Other | N37: 45718 | O37: PL - Popara Lídia | P37: AAV500 | T37: V1 | U37: -300 | V37: 400 | W37: left | X37: 45718 | Y37: PL - Popara Lídia | AA37: 45922 | AB37: anatomical test | AC37: lila cetlis 113 ketrec, bal egér - pár sejtszerű cucc (10-15um) -50 környékén, aktivitást nem láttam de talán, lejjebb semmi. \\192.168.42.3\allstaff\DATA\kertesz.borbala\_2025\3lilacetlis_force_checkup_250315.mesc
A38: Mouse_35 | B38: =IF((COUNTBLANK(AA38)=0),Stats!$E$7,IF((COUNTBLANK(N38)=0),IF((COUNTBLANK(X38)=0),IF((COUNTBLANK(AD38)=0),Stats!$E$6,Stats!$E$5),Stats!$E$4),"")) -> Death | C38: To define | D38: 45726 | E38: =IFERROR(TODAY()-DATE(2000+MID(F38,SEARCH("-",F38,SEARCH("-",F38)+1)+1,2),MID(F38,SEARCH("-",F38,SEARCH("-",F38)+1)+3,2),MID(F38,SEARCH("-",F38,SEARCH("-",F38)+1)+5,2)),"") -> 423 | F38: 628-49-241216-21-011 | G38: o01/116 | H38: C57Bl/6J | I38: Male ♂ | J38: PE/EA/00329-6/2025 | L38: Other | N38: 45718 | O38: PL - Popara Lídia | P38: AAV500 | T38: V1 | U38: -300 | V38: 400 | W38: none | X38: 45718 | Y38: PL - Popara Lídia | AA38: 45922 | AB38: anatomical test | AC38: lila cetlis 113 ketrec, bal-jobb egér - -250 körül volt egy sejt, szerintem aktivitás is. \\192.168.42.3\allstaff\DATA\kertesz.borbala\_2025\3lilacetlis_force_checkup_250315.mesc
A39: Mouse_36 | B39: =IF((COUNTBLANK(AA39)=0),Stats!$E$7,IF((COUNTBLANK(N39)=0),IF((COUNTBLANK(X39)=0),IF((COUNTBLANK(AD39)=0),Stats!$E$6,Stats!$E$5),Stats!$E$4),"")) -> Death | C39: To define | D39: 45726 | E39: =IFERROR(TODAY()-DATE(2000+MID(F39,SEARCH("-",F39,SEARCH("-",F39)+1)+1,2),MID(F39,SEARCH("-",F39,SEARCH("-",F39)+1)+3,2),MID(F39,SEARCH("-",F39,SEARCH("-",F39)+1)+5,2)),"") -> 423 | F39: 628-49-241216-21-012 | G39: o01/116 | H39: C57Bl/6J | I39: Male ♂ | J39: PE/EA/00329-6/2025 | L39: Other | N39: 45718 | O39: PL - Popara Lídia | P39: AAV500 | T39: V1 | U39: -300 | V39: 400 | W39: both | X39: 45718 | Y39: PL - Popara Lídia | AA39: 45922 | AB39: anatomical test | AC39: lila cetlis 113 ketrec, bal-jobb egér - -100 körül vannak sejtek, aktivitásról nem vagyok meggyőzve. \\192.168.42.3\allstaff\DATA\kertesz.borbala\_2025\3lilacetlis_force_checkup_250315.mesc
A40: Mouse_37 | B40: =IF((COUNTBLANK(AA40)=0),Stats!$E$7,IF((COUNTBLANK(N40)=0),IF((COUNTBLANK(X40)=0),IF((COUNTBLANK(AD40)=0),Stats!$E$6,Stats!$E$5),Stats!$E$4),"")) -> Death | C40: To define | D40: 45726 | E40: =IFERROR(TODAY()-DATE(2000+MID(F40,SEARCH("-",F40,SEARCH("-",F40)+1)+1,2),MID(F40,SEARCH("-",F40,SEARCH("-",F40)+1)+3,2),MID(F40,SEARCH("-",F40,SEARCH("-",F40)+1)+5,2)),"") -> 423 | F40: 628-49-241216-21-013 | G40: o01/116 | H40: C57Bl/6J | I40: Male ♂ | J40: PE/EA/00329-6/2025 | N40: 45718 | O40: PL - Popara Lídia | P40: AG54 | T40: V1 | U40: -300 | V40: 400 | W40: double left | X40: 45718 | Y40: PL - Popara Lídia | AA40: 45918 | AB40: death (lost headplate) | AC40: van kifejeződés, FORCE, jel is, mouse 38, befogható(!!!)
A41: Mouse_38 | B41: =IF((COUNTBLANK(AA41)=0),Stats!$E$7,IF((COUNTBLANK(N41)=0),IF((COUNTBLANK(X41)=0),IF((COUNTBLANK(AD41)=0),Stats!$E$6,Stats!$E$5),Stats!$E$4),"")) -> Death | C41: To define | D41: 45726 | E41: =IFERROR(TODAY()-DATE(2000+MID(F41,SEARCH("-",F41,SEARCH("-",F41)+1)+1,2),MID(F41,SEARCH("-",F41,SEARCH("-",F41)+1)+3,2),MID(F41,SEARCH("-",F41,SEARCH("-",F41)+1)+5,2)),"") -> 423 | F41: 628-49-241216-21-014 | G41: o01/116 | H41: C57Bl/6J | I41: Male ♂ | J41: PE/EA/00329-6/2025 | N41: 45718 | O41: PL - Popara Lídia | P41: AG54 | T41: V1 | U41: -300 | V41: 400 | W41: double right | X41: 45718 | Y41: PL - Popara Lídia | AA41: 45918 | AB41: death (lost headplate) | AC41: van kifejeződés, FORCE, jel is, mouse 36, befogható(!!!)
A42: Mouse_39 | B42: =IF((COUNTBLANK(AA42)=0),Stats!$E$7,IF((COUNTBLANK(N42)=0),IF((COUNTBLANK(X42)=0),IF((COUNTBLANK(AD42)=0),Stats!$E$6,Stats!$E$5),Stats!$E$4),"")) -> Death | C42: To define | D42: 45726 | E42: =IFERROR(TODAY()-DATE(2000+MID(F42,SEARCH("-",F42,SEARCH("-",F42)+1)+1,2),MID(F42,SEARCH("-",F42,SEARCH("-",F42)+1)+3,2),MID(F42,SEARCH("-",F42,SEARCH("-",F42)+1)+5,2)),"") -> 423 | F42: 628-49-241216-21-015 | G42: o01/116 | H42: C57Bl/6J | I42: Male ♂ | J42: PE/EA/00329-6/2025 | N42: 45718 | O42: PL - Popara Lídia | P42: AG54 | T42: V1 | U42: -300 | V42: 400 | W42: right | X42: 45718 | Y42: PL - Popara Lídia | AA42: 45918 | AB42: death (lost headplate) | AC42: van kifejeződés, FORCE, jel is, mouse 37, befogható(!!!)
A43: Mouse_40 | B43: =IF((COUNTBLANK(AA43)=0),Stats!$E$7,IF((COUNTBLANK(N43)=0),IF((COUNTBLANK(X43)=0),IF((COUNTBLANK(AD43)=0),Stats!$E$6,Stats!$E$5),Stats!$E$4),"")) -> Death | C43: Behavior | D43: 45726 | E43: =IFERROR(TODAY()-DATE(2000+MID(F43,SEARCH("-",F43,SEARCH("-",F43)+1)+1,2),MID(F43,SEARCH("-",F43,SEARCH("-",F43)+1)+3,2),MID(F43,SEARCH("-",F43,SEARCH("-",F43)+1)+5,2)),"") -> 438 | F43: 628-49-241201-21-002 | G43: o01/153 | H43: Thy1-Cre | I43: Male ♂ | J43: PE/EA/00329-6/2025 | K43: Wéber Katalin | L43: Moculus | M43: =COUNTA(D43)*COUNTA(F43)*COUNTA(J43)*COUNTA(L43) -> 1 | W43: none | Y43: WK - Wéber Katalin | AA43: 46010 | AB43: humane endpoint
A44: Mouse_41 | B44: =IF((COUNTBLANK(AA44)=0),Stats!$E$7,IF((COUNTBLANK(N44)=0),IF((COUNTBLANK(X44)=0),IF((COUNTBLANK(AD44)=0),Stats!$E$6,Stats!$E$5),Stats!$E$4),"")) -> Death | D44: 45726 | E44: =IFERROR(TODAY()-DATE(2000+MID(F44,SEARCH("-",F44,SEARCH("-",F44)+1)+1,2),MID(F44,SEARCH("-",F44,SEARCH("-",F44)+1)+3,2),MID(F44,SEARCH("-",F44,SEARCH("-",F44)+1)+5,2)),"") -> 438 | F44: 628-49-241201-21-003 | G44: o01/153 | H44: Thy1-Cre | J44: PE/EA/00329-6/2025 | K44: Wéber Katalin | L44: Moculus | M44: =COUNTA(D44)*COUNTA(F44)*COUNTA(J44)*COUNTA(L44) -> 1 | W44: right | Y44: WK - Wéber Katalin | AA44: 45742 | AB44: death (lost headplate)
A45: Mouse_42 | B45: =IF((COUNTBLANK(AA45)=0),Stats!$E$7,IF((COUNTBLANK(N45)=0),IF((COUNTBLANK(X45)=0),IF((COUNTBLANK(AD45)=0),Stats!$E$6,Stats!$E$5),Stats!$E$4),"")) -> Death | C45: =IF(B45=Stats!$E$5,Stats!$E$11,"") | D45: 45757 | E45: =IFERROR(TODAY()-DATE(2000+MID(F45,SEARCH("-",F45,SEARCH("-",F45)+1)+1,2),MID(F45,SEARCH("-",F45,SEARCH("-",F45)+1)+3,2),MID(F45,SEARCH("-",F45,SEARCH("-",F45)+1)+5,2)),"") -> 370 | F45: A9F-01-250207-11-048 | H45: TG_GCaMP6s_DA | I45: Male ♂ | J45: PE/EA/00329-6/2025 | K45: Wéber Katalin | M45: =COUNTA(D45)*COUNTA(F45)*COUNTA(J45)*COUNTA(L45) -> 0 | AA45: 45826 | AB45: anatomical test | AC45: ?
A46: Mouse_43 | B46: =IF((COUNTBLANK(AA46)=0),Stats!$E$7,IF((COUNTBLANK(N46)=0),IF((COUNTBLANK(X46)=0),IF((COUNTBLANK(AD46)=0),Stats!$E$6,Stats!$E$5),Stats!$E$4),"")) -> Death | C46: =IF(B46=Stats!$E$5,Stats!$E$11,"") | D46: 45757 | E46: =IFERROR(TODAY()-DATE(2000+MID(F46,SEARCH("-",F46,SEARCH("-",F46)+1)+1,2),MID(F46,SEARCH("-",F46,SEARCH("-",F46)+1)+3,2),MID(F46,SEARCH("-",F46,SEARCH("-",F46)+1)+5,2)),"") -> 370 | F46: A9F-01-250207-11-050 | H46: TG_GCaMP6s_DA | I46: Male ♂ | J46: PE/EA/00329-6/2025 | K46: Wéber Katalin | M46: =COUNTA(D46)*COUNTA(F46)*COUNTA(J46)*COUNTA(L46) -> 0 | AA46: 45826 | AB46: anatomical test | AC46: ?
A47: Mouse_44 | B47: =IF((COUNTBLANK(AA47)=0),Stats!$E$7,IF((COUNTBLANK(N47)=0),IF((COUNTBLANK(X47)=0),IF((COUNTBLANK(AD47)=0),Stats!$E$6,Stats!$E$5),Stats!$E$4),"")) -> Death | C47: To define | D47: 45793 | E47: =IFERROR(TODAY()-DATE(2000+MID(F47,SEARCH("-",F47,SEARCH("-",F47)+1)+1,2),MID(F47,SEARCH("-",F47,SEARCH("-",F47)+1)+3,2),MID(F47,SEARCH("-",F47,SEARCH("-",F47)+1)+5,2)),"") -> 375 | F47: AFH-26-250202-11-001 | G47: 109/427 | H47: BAC_Scnn1a/cre(Tg3Aibs) | I47: Male ♂ | J47: PE/EA/00329-6/2025 | L47: VIP | M47: =COUNTA(D47)*COUNTA(F47)*COUNTA(J47)*COUNTA(L47) -> 1 | N47: 45848 | O47: BSA - Bautista Soldevila Áron | P47: AG31 | T47: V1 | U47: -500 | V47: 200 | W47: B1J0 | X47: 2025.07.10 | Y47: BSA - Bautista Soldevila Áron | Z47: B1J0 | AA47: 45925 | AB47: humane endpoint | AD47: 2025.07.16: Van jel, mehet trainingezni
A48: Mouse_45 | B48: =IF((COUNTBLANK(AA48)=0),Stats!$E$7,IF((COUNTBLANK(N48)=0),IF((COUNTBLANK(X48)=0),IF((COUNTBLANK(AD48)=0),Stats!$E$6,Stats!$E$5),Stats!$E$4),"")) -> Death | C48: To define | D48: 45793 | E48: =IFERROR(TODAY()-DATE(2000+MID(F48,SEARCH("-",F48,SEARCH("-",F48)+1)+1,2),MID(F48,SEARCH("-",F48,SEARCH("-",F48)+1)+3,2),MID(F48,SEARCH("-",F48,SEARCH("-",F48)+1)+5,2)),"") -> 375 | F48: AFH-26-250202-11-002 | G48: 109/427 | H48: BAC_Scnn1a/cre(Tg3Aibs) | I48: Male ♂ | J48: PE/EA/00329-6/2025 | K48: Soós András | L48: VIP | M48: =COUNTA(D48)*COUNTA(F48)*COUNTA(J48)*COUNTA(L48) -> 1 | N48: 45848 | O48: BSA - Bautista Soldevila Áron | P48: AG31 | T48: V1 | U48: -500 | V48: 200 | W48: B0J1 | X48: 45848 | Y48: BSA - Bautista Soldevila Áron | Z48: B0J1 | AA48: 46000 | AB48: humane endpoint | AD48: 2025.07.16: Van jel, mehet trainingezni
A49: Mouse_46 | B49: =IF((COUNTBLANK(AA49)=0),Stats!$E$7,IF((COUNTBLANK(N49)=0),IF((COUNTBLANK(X49)=0),IF((COUNTBLANK(AD49)=0),Stats!$E$6,Stats!$E$5),Stats!$E$4),"")) -> Death | C49: To define | D49: 45793 | E49: =IFERROR(TODAY()-DATE(2000+MID(F49,SEARCH("-",F49,SEARCH("-",F49)+1)+1,2),MID(F49,SEARCH("-",F49,SEARCH("-",F49)+1)+3,2),MID(F49,SEARCH("-",F49,SEARCH("-",F49)+1)+5,2)),"") -> 375 | F49: AFH-26-250202-11-003 | G49: 109/427 | H49: BAC_Scnn1a/cre(Tg3Aibs) | I49: Male ♂ | J49: PE/EA/00329-6/2025 | K49: Soós András | L49: VIP | M49: =COUNTA(D49)*COUNTA(F49)*COUNTA(J49)*COUNTA(L49) -> 1 | N49: 45849 | O49: BSA - Bautista Soldevila Áron | P49: AG31 | T49: V1 | U49: -500 | V49: 200 | W49: B2J0 | X49: 45849 | Y49: BSA - Bautista Soldevila Áron | Z49: B2J0 | AA49: 46000 | AB49: humane endpoint | AD49: 2025.07.16: Van jel, mehet trainingezni
A50: Mouse_47 | B50: =IF((COUNTBLANK(AA50)=0),Stats!$E$7,IF((COUNTBLANK(N50)=0),IF((COUNTBLANK(X50)=0),IF((COUNTBLANK(AD50)=0),Stats!$E$6,Stats!$E$5),Stats!$E$4),"")) -> Death | C50: To define | D50: 45793 | E50: =IFERROR(TODAY()-DATE(2000+MID(F50,SEARCH("-",F50,SEARCH("-",F50)+1)+1,2),MID(F50,SEARCH("-",F50,SEARCH("-",F50)+1)+3,2),MID(F50,SEARCH("-",F50,SEARCH("-",F50)+1)+5,2)),"") -> 375 | F50: AFH-26-250202-11-004 | G50: 109/427 | H50: BAC_Scnn1a/cre(Tg3Aibs) | I50: Male ♂ | J50: PE/EA/00329-6/2025 | L50: VIP | M50: =COUNTA(D50)*COUNTA(F50)*COUNTA(J50)*COUNTA(L50) -> 1 | N50: 45849 | O50: BSA - Bautista Soldevila Áron | P50: AG31 | T50: V1 | U50: -500 | V50: 200 | W50: J2B0 | X50: 2025.07.11 | Y50: BSA - Bautista Soldevila Áron | Z50: J2B0 | AA50: 45911 | AB50: death (other) | AD50: 2025.07.16: Nincs expresszió, talán megéri egy 2. checkup? Bal szemére vak
A51: Mouse_48 | B51: =IF((COUNTBLANK(AA51)=0),Stats!$E$7,IF((COUNTBLANK(N51)=0),IF((COUNTBLANK(X51)=0),IF((COUNTBLANK(AD51)=0),Stats!$E$6,Stats!$E$5),Stats!$E$4),"")) -> Death | C51: =IF(B51=Stats!$E$5,Stats!$E$11,"") | D51: 45793 | E51: =IFERROR(TODAY()-DATE(2000+MID(F51,SEARCH("-",F51,SEARCH("-",F51)+1)+1,2),MID(F51,SEARCH("-",F51,SEARCH("-",F51)+1)+3,2),MID(F51,SEARCH("-",F51,SEARCH("-",F51)+1)+5,2)),"") -> 335 | F51: 536-01-250314-21-036 | G51: 110/321 | H51: Rbp4-Cre | I51: Female ♀ | J51: PE/EA/00329-6/2025 | L51: VIP | M51: =COUNTA(D51)*COUNTA(F51)*COUNTA(J51)*COUNTA(L51) -> 1 | N51: 45826 | O51: PL - Popara Lídia | P51: AG31 | T51: V1 | W51: B1J0 | X51: 45826 | Y51: PL - Popara Lídia | AA51: 45925 | AB51: humane endpoint
A52: Mouse_49 | B52: =IF((COUNTBLANK(AA52)=0),Stats!$E$7,IF((COUNTBLANK(N52)=0),IF((COUNTBLANK(X52)=0),IF((COUNTBLANK(AD52)=0),Stats!$E$6,Stats!$E$5),Stats!$E$4),"")) -> Death | C52: =IF(B52=Stats!$E$5,Stats!$E$11,"") | D52: 45793 | E52: =IFERROR(TODAY()-DATE(2000+MID(F52,SEARCH("-",F52,SEARCH("-",F52)+1)+1,2),MID(F52,SEARCH("-",F52,SEARCH("-",F52)+1)+3,2),MID(F52,SEARCH("-",F52,SEARCH("-",F52)+1)+5,2)),"") -> 335 | F52: 536-01-250314-21-037 | G52: 110/321 | H52: Rbp4-Cre | I52: Female ♀ | J52: PE/EA/00329-6/2025 | L52: VIP | M52: =COUNTA(D52)*COUNTA(F52)*COUNTA(J52)*COUNTA(L52) -> 1 | N52: 45826 | O52: PL - Popara Lídia | P52: AG31 | T52: V1 | W52: B0J1 | X52: 45826 | Y52: PL - Popara Lídia | AA52: 45855 | AB52: death (other)
A53: Mouse_50 | B53: =IF((COUNTBLANK(AA53)=0),Stats!$E$7,IF((COUNTBLANK(N53)=0),IF((COUNTBLANK(X53)=0),IF((COUNTBLANK(AD53)=0),Stats!$E$6,Stats!$E$5),Stats!$E$4),"")) -> Death | C53: =IF(B53=Stats!$E$5,Stats!$E$11,"") | D53: 45793 | E53: =IFERROR(TODAY()-DATE(2000+MID(F53,SEARCH("-",F53,SEARCH("-",F53)+1)+1,2),MID(F53,SEARCH("-",F53,SEARCH("-",F53)+1)+3,2),MID(F53,SEARCH("-",F53,SEARCH("-",F53)+1)+5,2)),"") -> 335 | F53: 536-01-250314-21-038 | G53: 110/321 | H53: Rbp4-Cre | I53: Female ♀ | J53: PE/EA/00329-6/2025 | K53: Soós András | L53: VIP | M53: =COUNTA(D53)*COUNTA(F53)*COUNTA(J53)*COUNTA(L53) -> 1 | AA53: 45925 | AB53: humane endpoint
A54: Mouse_51 | B54: =IF((COUNTBLANK(AA54)=0),Stats!$E$7,IF((COUNTBLANK(N54)=0),IF((COUNTBLANK(X54)=0),IF((COUNTBLANK(AD54)=0),Stats!$E$6,Stats!$E$5),Stats!$E$4),"")) -> Death | C54: =IF(B54=Stats!$E$5,Stats!$E$11,"") | D54: 45793 | E54: =IFERROR(TODAY()-DATE(2000+MID(F54,SEARCH("-",F54,SEARCH("-",F54)+1)+1,2),MID(F54,SEARCH("-",F54,SEARCH("-",F54)+1)+3,2),MID(F54,SEARCH("-",F54,SEARCH("-",F54)+1)+5,2)),"") -> 335 | F54: 536-01-250314-21-039 | G54: 110/321 | H54: Rbp4-Cre | I54: Female ♀ | J54: PE/EA/00329-6/2025 | K54: Soós András | L54: VIP | M54: =COUNTA(D54)*COUNTA(F54)*COUNTA(J54)*COUNTA(L54) -> 1 | AA54: 45925 | AB54: humane endpoint
A55: Mouse_52 | B55: =IF((COUNTBLANK(AA55)=0),Stats!$E$7,IF((COUNTBLANK(N55)=0),IF((COUNTBLANK(X55)=0),IF((COUNTBLANK(AD55)=0),Stats!$E$6,Stats!$E$5),Stats!$E$4),"")) -> Death | C55: To define | D55: 45793 | E55: =IFERROR(TODAY()-DATE(2000+MID(F55,SEARCH("-",F55,SEARCH("-",F55)+1)+1,2),MID(F55,SEARCH("-",F55,SEARCH("-",F55)+1)+3,2),MID(F55,SEARCH("-",F55,SEARCH("-",F55)+1)+5,2)),"") -> 357 | F55: 321-01-250220-11-089 | G55: 205/368 | H55: som/IRES_Cre | I55: Male ♂ | J55: PE/EA/00329-6/2025 | K55: Szadai Zoltán | L55: VIP | M55: =COUNTA(D55)*COUNTA(F55)*COUNTA(J55)*COUNTA(L55) -> 1 | N55: 45837 | O55: PL - Popara Lídia | P55: AG31 | T55: V1 | U55: -350, -350 | V55: 400 | W55: B1J0 | X55: 45837 | AA55: 45958 | AB55: humane endpoint | AC55: Reversal Interneuron
A56: Mouse_53 | B56: =IF((COUNTBLANK(AA56)=0),Stats!$E$7,IF((COUNTBLANK(N56)=0),IF((COUNTBLANK(X56)=0),IF((COUNTBLANK(AD56)=0),Stats!$E$6,Stats!$E$5),Stats!$E$4),"")) -> Death | C56: To define | D56: 45793 | E56: =IFERROR(TODAY()-DATE(2000+MID(F56,SEARCH("-",F56,SEARCH("-",F56)+1)+1,2),MID(F56,SEARCH("-",F56,SEARCH("-",F56)+1)+3,2),MID(F56,SEARCH("-",F56,SEARCH("-",F56)+1)+5,2)),"") -> 357 | F56: 321-01-250220-11-090 | G56: 205/368 | H56: som/IRES_Cre | I56: Male ♂ | J56: PE/EA/00329-6/2025 | K56: Szadai Zoltán | L56: VIP | M56: =COUNTA(D56)*COUNTA(F56)*COUNTA(J56)*COUNTA(L56) -> 1 | N56: 45837 | O56: PL - Popara Lídia | P56: AG31 | T56: V1 | U56: -350, -350 | V56: 400 | W56: B0J1 | X56: 45837 | AA56: 45958 | AB56: humane endpoint | AC56: Reversal Interneuron
A57: Mouse_54 | B57: =IF((COUNTBLANK(AA57)=0),Stats!$E$7,IF((COUNTBLANK(N57)=0),IF((COUNTBLANK(X57)=0),IF((COUNTBLANK(AD57)=0),Stats!$E$6,Stats!$E$5),Stats!$E$4),"")) -> Death | C57: To define | D57: 45793 | E57: =IFERROR(TODAY()-DATE(2000+MID(F57,SEARCH("-",F57,SEARCH("-",F57)+1)+1,2),MID(F57,SEARCH("-",F57,SEARCH("-",F57)+1)+3,2),MID(F57,SEARCH("-",F57,SEARCH("-",F57)+1)+5,2)),"") -> 357 | F57: 321-01-250220-11-091 | G57: 205/368 | H57: som/IRES_Cre | I57: Male ♂ | J57: PE/EA/00329-6/2025 | K57: Szadai Zoltán | L57: VIP | M57: =COUNTA(D57)*COUNTA(F57)*COUNTA(J57)*COUNTA(L57) -> 1 | N57: 45840 | O57: PL - Popara Lídia | P57: AG31 | T57: V1 | U57: -350, -350 | V57: 400 | W57: B0J0 | X57: 45837 | AA57: 45958 | AB57: humane endpoint | AC57: Reversal Interneuron
A58: Mouse_55 | B58: =IF((COUNTBLANK(AA58)=0),Stats!$E$7,IF((COUNTBLANK(N58)=0),IF((COUNTBLANK(X58)=0),IF((COUNTBLANK(AD58)=0),Stats!$E$6,Stats!$E$5),Stats!$E$4),"")) -> Death | C58: =IF(B58=Stats!$E$5,Stats!$E$11,"") | D58: 45793 | E58: =IFERROR(TODAY()-DATE(2000+MID(F58,SEARCH("-",F58,SEARCH("-",F58)+1)+1,2),MID(F58,SEARCH("-",F58,SEARCH("-",F58)+1)+3,2),MID(F58,SEARCH("-",F58,SEARCH("-",F58)+1)+5,2)),"") -> 332 | F58: 999-01-250317-11-001 | G58: 208/166 | H58: C57Bl/6J | I58: Male ♂ | J58: PE/EA/00329-6/2025 | K58: Szalay Gergely | L58: Photostim | M58: =COUNTA(D58)*COUNTA(F58)*COUNTA(J58)*COUNTA(L58) -> 1 | N58: 45820 | O58: VK - Varada Karankot | P58: AG55 | S58: 1x | T58: V1 | U58: -450 | V58: 300 | W58: B0J0 | AA58: 45856 | AB58: Death due to cagemates
A59: Mouse_56 | B59: =IF((COUNTBLANK(AA59)=0),Stats!$E$7,IF((COUNTBLANK(N59)=0),IF((COUNTBLANK(X59)=0),IF((COUNTBLANK(AD59)=0),Stats!$E$6,Stats!$E$5),Stats!$E$4),"")) -> Death | C59: Anatomy | D59: 45793 | E59: =IFERROR(TODAY()-DATE(2000+MID(F59,SEARCH("-",F59,SEARCH("-",F59)+1)+1,2),MID(F59,SEARCH("-",F59,SEARCH("-",F59)+1)+3,2),MID(F59,SEARCH("-",F59,SEARCH("-",F59)+1)+5,2)),"") -> 332 | F59: 999-01-250317-11-002 | G59: 208/166 | H59: C57Bl/6J | I59: Male ♂ | J59: PE/EA/00329-6/2025 | K59: Szalay Gergely | L59: Photostim | M59: =COUNTA(D59)*COUNTA(F59)*COUNTA(J59)*COUNTA(L59) -> 1 | N59: 45820 | O59: VK - Varada Karankot | P59: AG55 | S59: 1x | T59: V1 | U59: -450 | V59: 300 | W59: B0J1 | AA59: 45938 | AB59: anatomical test
A60: Mouse_57 | B60: =IF((COUNTBLANK(AA60)=0),Stats!$E$7,IF((COUNTBLANK(N60)=0),IF((COUNTBLANK(X60)=0),IF((COUNTBLANK(AD60)=0),Stats!$E$6,Stats!$E$5),Stats!$E$4),"")) -> Death | C60: Anatomy | D60: 45793 | E60: =IFERROR(TODAY()-DATE(2000+MID(F60,SEARCH("-",F60,SEARCH("-",F60)+1)+1,2),MID(F60,SEARCH("-",F60,SEARCH("-",F60)+1)+3,2),MID(F60,SEARCH("-",F60,SEARCH("-",F60)+1)+5,2)),"") -> 332 | F60: 999-01-250317-11-003 | G60: 208/166 | H60: C57Bl/6J | I60: Male ♂ | J60: PE/EA/00329-6/2025 | K60: Szalay Gergely | L60: Photostim | M60: =COUNTA(D60)*COUNTA(F60)*COUNTA(J60)*COUNTA(L60) -> 1 | N60: 45820 | O60: VK - Varada Karankot | P60: AG55 | S60: 1x | T60: V1 | U60: -450 | V60: 300 | W60: B1J1 | AA60: 46031 | AB60: anatomical test
A61: Mouse_58 | B61: =IF((COUNTBLANK(AA61)=0),Stats!$E$7,IF((COUNTBLANK(N61)=0),IF((COUNTBLANK(X61)=0),IF((COUNTBLANK(AD61)=0),Stats!$E$6,Stats!$E$5),Stats!$E$4),"")) -> Death | C61: =IF(B61=Stats!$E$5,Stats!$E$11,"") | D61: 45793 | E61: =IFERROR(TODAY()-DATE(2000+MID(F61,SEARCH("-",F61,SEARCH("-",F61)+1)+1,2),MID(F61,SEARCH("-",F61,SEARCH("-",F61)+1)+3,2),MID(F61,SEARCH("-",F61,SEARCH("-",F61)+1)+5,2)),"") -> 419 | F61: 999-01-241220-21-051 | G61: 208/193 | H61: C57Bl/6J | I61: Female ♀ | J61: PE/EA/00329-6/2025 | K61: Szalay Gergely | L61: Photostim | M61: =COUNTA(D61)*COUNTA(F61)*COUNTA(J61)*COUNTA(L61) -> 1 | AA61: 45925 | AB61: humane endpoint
A62: Mouse_59 | B62: =IF((COUNTBLANK(AA62)=0),Stats!$E$7,IF((COUNTBLANK(N62)=0),IF((COUNTBLANK(X62)=0),IF((COUNTBLANK(AD62)=0),Stats!$E$6,Stats!$E$5),Stats!$E$4),"")) -> Death | C62: =IF(B62=Stats!$E$5,Stats!$E$11,"") | D62: 45793 | E62: =IFERROR(TODAY()-DATE(2000+MID(F62,SEARCH("-",F62,SEARCH("-",F62)+1)+1,2),MID(F62,SEARCH("-",F62,SEARCH("-",F62)+1)+3,2),MID(F62,SEARCH("-",F62,SEARCH("-",F62)+1)+5,2)),"") -> 419 | F62: 999-01-241220-21-062 | G62: 208/193 | H62: C57Bl/6J | I62: Female ♀ | J62: PE/EA/00329-6/2025 | K62: Szalay Gergely | L62: Photostim | M62: =COUNTA(D62)*COUNTA(F62)*COUNTA(J62)*COUNTA(L62) -> 1 | AA62: 45925 | AB62: humane endpoint
A63: Mouse_60 | B63: =IF((COUNTBLANK(AA63)=0),Stats!$E$7,IF((COUNTBLANK(N63)=0),IF((COUNTBLANK(X63)=0),IF((COUNTBLANK(AD63)=0),Stats!$E$6,Stats!$E$5),Stats!$E$4),"")) -> Death | C63: =IF(B63=Stats!$E$5,Stats!$E$11,"") | D63: 45793 | E63: =IFERROR(TODAY()-DATE(2000+MID(F63,SEARCH("-",F63,SEARCH("-",F63)+1)+1,2),MID(F63,SEARCH("-",F63,SEARCH("-",F63)+1)+3,2),MID(F63,SEARCH("-",F63,SEARCH("-",F63)+1)+5,2)),"") -> 419 | F63: 999-01-241220-21-063 | G63: 208/193 | H63: C57Bl/6J | I63: Female ♀ | J63: PE/EA/00329-6/2025 | K63: Szalay Gergely | L63: Photostim | M63: =COUNTA(D63)*COUNTA(F63)*COUNTA(J63)*COUNTA(L63) -> 1 | AA63: 45925 | AB63: humane endpoint
A64: Mouse_61 | B64: =IF((COUNTBLANK(AA64)=0),Stats!$E$7,IF((COUNTBLANK(N64)=0),IF((COUNTBLANK(X64)=0),IF((COUNTBLANK(AD64)=0),Stats!$E$6,Stats!$E$5),Stats!$E$4),"")) -> Death | C64: =IF(B64=Stats!$E$5,Stats!$E$11,"") | D64: 45793 | E64: =IFERROR(TODAY()-DATE(2000+MID(F64,SEARCH("-",F64,SEARCH("-",F64)+1)+1,2),MID(F64,SEARCH("-",F64,SEARCH("-",F64)+1)+3,2),MID(F64,SEARCH("-",F64,SEARCH("-",F64)+1)+5,2)),"") -> 479 | F64: AIW-16-241021-11-031 | G64: 213/135 | H64: VIP-cre | I64: Male ♂ | J64: PE/EA/00329-6/2025 | K64: Szadai Zoltán | L64: VIP | M64: =COUNTA(D64)*COUNTA(F64)*COUNTA(J64)*COUNTA(L64) -> 1 | N64: 45828 | O64: BSA - Bautista Soldevila Áron | P64: AAV357 | Q64: AAV425 | S64: 10x,10x | T64: V1 | U64: -350 | V64: 200 | W64: B1J0 | X64: 45828 | Y64: BSA - Bautista Soldevila Áron | AA64: 45925 | AB64: humane endpoint | AD64: 2025.06.30, no labeling | AE64: 2025.07.04, Red and Green fluorescence mostly separate | AF64: 2025.07.08, Red and Green fluorescence mostly separate
A65: Mouse_62 | B65: =IF((COUNTBLANK(AA65)=0),Stats!$E$7,IF((COUNTBLANK(N65)=0),IF((COUNTBLANK(X65)=0),IF((COUNTBLANK(AD65)=0),Stats!$E$6,Stats!$E$5),Stats!$E$4),"")) -> Death | C65: =IF(B65=Stats!$E$5,Stats!$E$11,"") | D65: 45793 | E65: =IFERROR(TODAY()-DATE(2000+MID(F65,SEARCH("-",F65,SEARCH("-",F65)+1)+1,2),MID(F65,SEARCH("-",F65,SEARCH("-",F65)+1)+3,2),MID(F65,SEARCH("-",F65,SEARCH("-",F65)+1)+5,2)),"") -> 479 | F65: AIW-16-241021-11-032 | G65: 213/135 | H65: VIP-cre | I65: Male ♂ | J65: PE/EA/00329-6/2025 | K65: Szadai Zoltán | L65: VIP | M65: =COUNTA(D65)*COUNTA(F65)*COUNTA(J65)*COUNTA(L65) -> 1 | N65: 45833 | O65: BSA - Bautista Soldevila Áron | P65: AAV357 | Q65: AAV425 | S65: 10x,10x | T65: V1 | U65: -350 | V65: 200 | W65: B0J1 | X65: 45833 | Y65: BSA - Bautista Soldevila Áron | AA65: 45925 | AB65: humane endpoint | AE65: 2025.07.04, Red and Green fluorescence mostly separate | AF65: 2025.07.08, Red and Green fluorescence mostly separate
A66: Mouse_63 | B66: =IF((COUNTBLANK(AA66)=0),Stats!$E$7,IF((COUNTBLANK(N66)=0),IF((COUNTBLANK(X66)=0),IF((COUNTBLANK(AD66)=0),Stats!$E$6,Stats!$E$5),Stats!$E$4),"")) -> Death | C66: =IF(B66=Stats!$E$5,Stats!$E$11,"") | D66: 45793 | E66: =IFERROR(TODAY()-DATE(2000+MID(F66,SEARCH("-",F66,SEARCH("-",F66)+1)+1,2),MID(F66,SEARCH("-",F66,SEARCH("-",F66)+1)+3,2),MID(F66,SEARCH("-",F66,SEARCH("-",F66)+1)+5,2)),"") -> 479 | F66: AIW-16-241021-11-033 | G66: 213/135 | H66: VIP-cre | I66: Male ♂ | J66: PE/EA/00329-6/2025 | K66: Szadai Zoltán | L66: VIP | M66: =COUNTA(D66)*COUNTA(F66)*COUNTA(J66)*COUNTA(L66) -> 1 | N66: 45835 | O66: BSA - Bautista Soldevila Áron | P66: AAV357 | Q66: AAV425 | S66: 10x,10x | T66: V1 | U66: -350 | V66: 200 | W66: B0J2 | X66: 45835 | Y66: BSA - Bautista Soldevila Áron | AA66: 45925 | AB66: humane endpoint | AF66: 2025.07.08, Red and Green fluorescence mostly separate
A67: Mouse_64 | B67: =IF((COUNTBLANK(AA67)=0),Stats!$E$7,IF((COUNTBLANK(N67)=0),IF((COUNTBLANK(X67)=0),IF((COUNTBLANK(AD67)=0),Stats!$E$6,Stats!$E$5),Stats!$E$4),"")) -> Death | C67: =IF(B67=Stats!$E$5,Stats!$E$11,"") | D67: 45793 | E67: =IFERROR(TODAY()-DATE(2000+MID(F67,SEARCH("-",F67,SEARCH("-",F67)+1)+1,2),MID(F67,SEARCH("-",F67,SEARCH("-",F67)+1)+3,2),MID(F67,SEARCH("-",F67,SEARCH("-",F67)+1)+5,2)),"") -> 369 | F67: 628-49-250208-21-006 | G67: 213/224 | H67: Thy1-Cre | I67: Female ♀ | J67: PE/EA/00329-6/2025 | K67: Wéber Katalin | L67: Moculus | M67: =COUNTA(D67)*COUNTA(F67)*COUNTA(J67)*COUNTA(L67) -> 1 | N67: 45813 | O67: VK - Varada Karankot | P67: AAV418 | S67: 5x | T67: V1 | U67: -450 | V67: 500 | W67: B0J0 | X67: 45831 | Y67: VK - Varada Karankot | AA67: 46010 | AB67: humane endpoint | AC67: Not good cells so handed over to Kati
A68: Mouse_65 | B68: =IF((COUNTBLANK(AA68)=0),Stats!$E$7,IF((COUNTBLANK(N68)=0),IF((COUNTBLANK(X68)=0),IF((COUNTBLANK(AD68)=0),Stats!$E$6,Stats!$E$5),Stats!$E$4),"")) -> Death | C68: =IF(B68=Stats!$E$5,Stats!$E$11,"") | D68: 45793 | E68: =IFERROR(TODAY()-DATE(2000+MID(F68,SEARCH("-",F68,SEARCH("-",F68)+1)+1,2),MID(F68,SEARCH("-",F68,SEARCH("-",F68)+1)+3,2),MID(F68,SEARCH("-",F68,SEARCH("-",F68)+1)+5,2)),"") -> 369 | F68: 628-49-250208-21-007 | G68: 213/244 | H68: Thy1-Cre | I68: Female ♀ | J68: PE/EA/00329-6/2025 | K68: Abhrajyoti Chakrabarti | L68: Photostim | M68: =COUNTA(D68)*COUNTA(F68)*COUNTA(J68)*COUNTA(L68) -> 1 | N68: 45813 | O68: VK - Varada Karankot | P68: AAV418 | S68: 5x | T68: V1 | U68: -450 | V68: 500 | W68: B1J1 | X68: 45832 | Y68: VK - Varada Karankot | AA68: 45861 | AB68: death (lost headplate)
A69: Mouse_66 | B69: =IF((COUNTBLANK(AA69)=0),Stats!$E$7,IF((COUNTBLANK(N69)=0),IF((COUNTBLANK(X69)=0),IF((COUNTBLANK(AD69)=0),Stats!$E$6,Stats!$E$5),Stats!$E$4),"")) -> Death | C69: =IF(B69=Stats!$E$5,Stats!$E$11,"") | D69: 45793 | E69: =IFERROR(TODAY()-DATE(2000+MID(F69,SEARCH("-",F69,SEARCH("-",F69)+1)+1,2),MID(F69,SEARCH("-",F69,SEARCH("-",F69)+1)+3,2),MID(F69,SEARCH("-",F69,SEARCH("-",F69)+1)+5,2)),"") -> 369 | F69: 628-49-250208-21-008 | G69: 213/244 | H69: Thy1-Cre | I69: Female ♀ | J69: PE/EA/00329-6/2025 | K69: Wéber Katalin | L69: Moculus | M69: =COUNTA(D69)*COUNTA(F69)*COUNTA(J69)*COUNTA(L69) -> 1 | N69: 45813 | O69: VK - Varada Karankot | P69: AAV418 | S69: 5x | T69: V1 | U69: -450 | V69: 500 | W69: B1J0 | X69: 45832 | Y69: VK - Varada Karankot | AA69: 45895 | AB69: death (lost headplate) | AC69: Not good cells so handed over to Kati
A70: Mouse_67 | B70: =IF((COUNTBLANK(AA70)=0),Stats!$E$7,IF((COUNTBLANK(N70)=0),IF((COUNTBLANK(X70)=0),IF((COUNTBLANK(AD70)=0),Stats!$E$6,Stats!$E$5),Stats!$E$4),"")) -> Check-up | C70: Imaging | D70: 45793 | E70: =IFERROR(TODAY()-DATE(2000+MID(F70,SEARCH("-",F70,SEARCH("-",F70)+1)+1,2),MID(F70,SEARCH("-",F70,SEARCH("-",F70)+1)+3,2),MID(F70,SEARCH("-",F70,SEARCH("-",F70)+1)+5,2)),"") -> 369 | F70: 628-49-250208-21-009 | G70: 213/244 | H70: Thy1-Cre | I70: Female ♀ | J70: PE/EA/00329-6/2025 | K70: Abhrajyoti Chakrabarti | L70: Photostim | M70: =COUNTA(D70)*COUNTA(F70)*COUNTA(J70)*COUNTA(L70) -> 1 | N70: 45813 | O70: VK - Varada Karankot | P70: AAV418 | S70: 5x | T70: V1 | U70: -450 | V70: 500 | W70: B0J1 | X70: 45831 | Y70: VK - Varada Karankot | AC70: Very good cells found
A71: Mouse_68 | B71: =IF((COUNTBLANK(AA71)=0),Stats!$E$7,IF((COUNTBLANK(N71)=0),IF((COUNTBLANK(X71)=0),IF((COUNTBLANK(AD71)=0),Stats!$E$6,Stats!$E$5),Stats!$E$4),"")) -> Death | D71: 45793 | E71: =IFERROR(TODAY()-DATE(2000+MID(F71,SEARCH("-",F71,SEARCH("-",F71)+1)+1,2),MID(F71,SEARCH("-",F71,SEARCH("-",F71)+1)+3,2),MID(F71,SEARCH("-",F71,SEARCH("-",F71)+1)+5,2)),"") -> 346 | F71: 628-49-250303-11-001 | G71: 213/372 | H71: Thy1-Cre | I71: Male ♂ | J71: PE/EA/00329-6/2025 | K71: Abhrajyoti Chakrabarti | L71: Photostim | M71: =COUNTA(D71)*COUNTA(F71)*COUNTA(J71)*COUNTA(L71) -> 1 | N71: 45814 | O71: VK - Varada Karankot | P71: AAV418 | S71: 2x | T71: V1 | U71: -450 | V71: 500 | W71: B0J0 | AA71: 45863 | AB71: humane endpoint | AC71: Lump found on leg
A72: Mouse_69 | B72: =IF((COUNTBLANK(AA72)=0),Stats!$E$7,IF((COUNTBLANK(N72)=0),IF((COUNTBLANK(X72)=0),IF((COUNTBLANK(AD72)=0),Stats!$E$6,Stats!$E$5),Stats!$E$4),"")) -> Death | C72: Imaging | D72: 45793 | E72: =IFERROR(TODAY()-DATE(2000+MID(F72,SEARCH("-",F72,SEARCH("-",F72)+1)+1,2),MID(F72,SEARCH("-",F72,SEARCH("-",F72)+1)+3,2),MID(F72,SEARCH("-",F72,SEARCH("-",F72)+1)+5,2)),"") -> 346 | F72: 628-49-250303-11-002 | G72: 213/372 | H72: Thy1-Cre | I72: Male ♂ | J72: PE/EA/00329-6/2025 | K72: Abhrajyoti Chakrabarti | L72: Photostim | M72: =COUNTA(D72)*COUNTA(F72)*COUNTA(J72)*COUNTA(L72) -> 1 | N72: 45814 | O72: VK - Varada Karankot | P72: AAV418 | S72: 2x | T72: V1 | U72: -450 | V72: 500 | W72: B1J1 | X72: 45834 | Y72: VK - Varada Karankot | AA72: 45958 | AB72: humane endpoint | AC72: Good cells found
A73: Mouse_70 | B73: =IF((COUNTBLANK(AA73)=0),Stats!$E$7,IF((COUNTBLANK(N73)=0),IF((COUNTBLANK(X73)=0),IF((COUNTBLANK(AD73)=0),Stats!$E$6,Stats!$E$5),Stats!$E$4),"")) -> Death | C73: =IF(B73=Stats!$E$5,Stats!$E$11,"") | D73: 45793 | E73: =IFERROR(TODAY()-DATE(2000+MID(F73,SEARCH("-",F73,SEARCH("-",F73)+1)+1,2),MID(F73,SEARCH("-",F73,SEARCH("-",F73)+1)+3,2),MID(F73,SEARCH("-",F73,SEARCH("-",F73)+1)+5,2)),"") -> 346 | F73: 628-49-250303-11-003 | G73: 213/372 | H73: Thy1-Cre | I73: Male ♂ | J73: PE/EA/00329-6/2025 | K73: Abhrajyoti Chakrabarti | L73: Photostim | M73: =COUNTA(D73)*COUNTA(F73)*COUNTA(J73)*COUNTA(L73) -> 1 | N73: 45814 | O73: VK - Varada Karankot | P73: AAV418 | S73: 2x | T73: V1 | U73: -450 | V73: 500 | W73: B1J0 | X73: 45833 | Y73: VK - Varada Karankot | AA73: 45958 | AB73: humane endpoint | AC73: Good cells found
A74: Mouse_71 | B74: =IF((COUNTBLANK(AA74)=0),Stats!$E$7,IF((COUNTBLANK(N74)=0),IF((COUNTBLANK(X74)=0),IF((COUNTBLANK(AD74)=0),Stats!$E$6,Stats!$E$5),Stats!$E$4),"")) -> Death | C74: =IF(B74=Stats!$E$5,Stats!$E$11,"") | D74: 45793 | E74: =IFERROR(TODAY()-DATE(2000+MID(F74,SEARCH("-",F74,SEARCH("-",F74)+1)+1,2),MID(F74,SEARCH("-",F74,SEARCH("-",F74)+1)+3,2),MID(F74,SEARCH("-",F74,SEARCH("-",F74)+1)+5,2)),"") -> 346 | F74: 628-49-250303-11-004 | G74: 213/372 | H74: Thy1-Cre | I74: Male ♂ | J74: PE/EA/00329-6/2025 | K74: Abhrajyoti Chakrabarti | L74: Photostim | M74: =COUNTA(D74)*COUNTA(F74)*COUNTA(J74)*COUNTA(L74) -> 1 | N74: 45814 | O74: VK - Varada Karankot | P74: AAV418 | S74: 2x | T74: V1 | U74: -450 | V74: 500 | W74: B0J1 | X74: 45833 | Y74: VK - Varada Karankot | AA74: 45958 | AB74: humane endpoint | AC74: Good cells found
A75: Mouse_72 | B75: =IF((COUNTBLANK(AA75)=0),Stats!$E$7,IF((COUNTBLANK(N75)=0),IF((COUNTBLANK(X75)=0),IF((COUNTBLANK(AD75)=0),Stats!$E$6,Stats!$E$5),Stats!$E$4),"")) -> Death | C75: =IF(B75=Stats!$E$5,Stats!$E$11,"") | D75: 45793 | E75: =IFERROR(TODAY()-DATE(2000+MID(F75,SEARCH("-",F75,SEARCH("-",F75)+1)+1,2),MID(F75,SEARCH("-",F75,SEARCH("-",F75)+1)+3,2),MID(F75,SEARCH("-",F75,SEARCH("-",F75)+1)+5,2)),"") -> 346 | F75: 628-49-250303-21-005 | G75: 213/375 | H75: Thy1-Cre | I75: Female ♀ | J75: PE/EA/00329-6/2025 | K75: Wéber Katalin | L75: Moculus | M75: =COUNTA(D75)*COUNTA(F75)*COUNTA(J75)*COUNTA(L75) -> 1 | N75: 45812 | O75: VK - Varada Karankot | P75: AAV418 | S75: 5x | T75: V1 | U75: -450 | V75: 500 | W75: B0J0 | X75: 45819 | Y75: VK - Varada Karankot | AA75: 46010 | AB75: humane endpoint | AC75: handed over to Kati
A76: Mouse_73 | B76: =IF((COUNTBLANK(AA76)=0),Stats!$E$7,IF((COUNTBLANK(N76)=0),IF((COUNTBLANK(X76)=0),IF((COUNTBLANK(AD76)=0),Stats!$E$6,Stats!$E$5),Stats!$E$4),"")) -> Death | C76: =IF(B76=Stats!$E$5,Stats!$E$11,"") | D76: 45793 | E76: =IFERROR(TODAY()-DATE(2000+MID(F76,SEARCH("-",F76,SEARCH("-",F76)+1)+1,2),MID(F76,SEARCH("-",F76,SEARCH("-",F76)+1)+3,2),MID(F76,SEARCH("-",F76,SEARCH("-",F76)+1)+5,2)),"") -> 346 | F76: 628-49-250303-21-006 | G76: 213/375 | H76: Thy1-Cre | I76: Female ♀ | J76: PE/EA/00329-6/2025 | K76: Abhrajyoti Chakrabarti | L76: Photostim | M76: =COUNTA(D76)*COUNTA(F76)*COUNTA(J76)*COUNTA(L76) -> 1 | N76: 45812 | O76: VK - Varada Karankot | P76: AAV418 | S76: 5x | T76: V1 | U76: -450 | V76: 500 | W76: B1J1 | AA76: 46010 | AB76: humane endpoint
A77: Mouse_74 | B77: =IF((COUNTBLANK(AA77)=0),Stats!$E$7,IF((COUNTBLANK(N77)=0),IF((COUNTBLANK(X77)=0),IF((COUNTBLANK(AD77)=0),Stats!$E$6,Stats!$E$5),Stats!$E$4),"")) -> Death | C77: =IF(B77=Stats!$E$5,Stats!$E$11,"") | D77: 45793 | E77: =IFERROR(TODAY()-DATE(2000+MID(F77,SEARCH("-",F77,SEARCH("-",F77)+1)+1,2),MID(F77,SEARCH("-",F77,SEARCH("-",F77)+1)+3,2),MID(F77,SEARCH("-",F77,SEARCH("-",F77)+1)+5,2)),"") -> 346 | F77: 628-49-250303-21-007 | G77: 213/375 | H77: Thy1-Cre | I77: Female ♀ | J77: PE/EA/00329-6/2025 | K77: Wéber Katalin | L77: Moculus | M77: =COUNTA(D77)*COUNTA(F77)*COUNTA(J77)*COUNTA(L77) -> 1 | N77: 45812 | O77: VK - Varada Karankot | P77: AAV418 | S77: 5x | T77: V1 | U77: -450 | V77: 500 | W77: B1J0 | X77: 45819 | Y77: VK - Varada Karankot | AA77: 46010 | AB77: humane endpoint | AC77: No good cells found so handed over to Kati
A78: Mouse_75 | B78: =IF((COUNTBLANK(AA78)=0),Stats!$E$7,IF((COUNTBLANK(N78)=0),IF((COUNTBLANK(X78)=0),IF((COUNTBLANK(AD78)=0),Stats!$E$6,Stats!$E$5),Stats!$E$4),"")) -> Death | C78: =IF(B78=Stats!$E$5,Stats!$E$11,"") | D78: 45793 | E78: =IFERROR(TODAY()-DATE(2000+MID(F78,SEARCH("-",F78,SEARCH("-",F78)+1)+1,2),MID(F78,SEARCH("-",F78,SEARCH("-",F78)+1)+3,2),MID(F78,SEARCH("-",F78,SEARCH("-",F78)+1)+5,2)),"") -> 346 | F78: 628-49-250303-21-008 | G78: 213/375 | H78: Thy1-Cre | I78: Female ♀ | J78: PE/EA/00329-6/2025 | K78: Abhrajyoti Chakrabarti | L78: Photostim | M78: =COUNTA(D78)*COUNTA(F78)*COUNTA(J78)*COUNTA(L78) -> 1 | N78: 45812 | O78: VK - Varada Karankot | P78: AAV418 | S78: 5x | T78: V1 | U78: -450 | V78: 500 | W78: B0J1 | AA78: 46010 | AB78: humane endpoint
A79: Mouse_76 | B79: =IF((COUNTBLANK(AA79)=0),Stats!$E$7,IF((COUNTBLANK(N79)=0),IF((COUNTBLANK(X79)=0),IF((COUNTBLANK(AD79)=0),Stats!$E$6,Stats!$E$5),Stats!$E$4),"")) -> Death | D79: 45800 | E79: =IFERROR(TODAY()-DATE(2000+MID(F79,SEARCH("-",F79,SEARCH("-",F79)+1)+1,2),MID(F79,SEARCH("-",F79,SEARCH("-",F79)+1)+3,2),MID(F79,SEARCH("-",F79,SEARCH("-",F79)+1)+5,2)),"") -> 348 | F79: 999-43-250301-11-016 | G79: 110/455 | H79: C57Bl6/NTac | I79: Male ♂ | J79: PE/EA/00329-6/2025 | K79: Kocsis Bálint | L79: Epilepsy | M79: =COUNTA(D79)*COUNTA(F79)*COUNTA(J79)*COUNTA(L79) -> 1 | N79: 45859 | O79: KB - Kocsis Bálint | P79: AAV420 | S79: 1x | T79: PPC | U79: -200,-400 | V79: 200200 | W79: B1J1 | X79: 45859 | Y79: KB - Kocsis Bálint | AA79: 45904 | AB79: anatomical test | AC79: Controll
A80: Mouse_77 | B80: =IF((COUNTBLANK(AA80)=0),Stats!$E$7,IF((COUNTBLANK(N80)=0),IF((COUNTBLANK(X80)=0),IF((COUNTBLANK(AD80)=0),Stats!$E$6,Stats!$E$5),Stats!$E$4),"")) -> Death | C80: =IF(B80=Stats!$E$5,Stats!$E$11,"") | D80: 45800 | E80: =IFERROR(TODAY()-DATE(2000+MID(F80,SEARCH("-",F80,SEARCH("-",F80)+1)+1,2),MID(F80,SEARCH("-",F80,SEARCH("-",F80)+1)+3,2),MID(F80,SEARCH("-",F80,SEARCH("-",F80)+1)+5,2)),"") -> 348 | F80: 999-43-250301-11-017 | G80: 110/455 | H80: C57Bl6/NTac | I80: Male ♂ | J80: PE/EA/00329-6/2025 | K80: Kocsis Bálint | L80: Epilepsy | M80: =COUNTA(D80)*COUNTA(F80)*COUNTA(J80)*COUNTA(L80) -> 1 | N80: 45859 | O80: KB - Kocsis Bálint | P80: AAV420 | S80: 1x | T80: PPC | U80: -200,-400 | V80: 200200 | W80: B1J0 | X80: 45859 | Y80: KB - Kocsis Bálint | AA80: 45903 | AB80: anatomical test | AC80: Controll (good expression)
A81: Mouse_78 | B81: =IF((COUNTBLANK(AA81)=0),Stats!$E$7,IF((COUNTBLANK(N81)=0),IF((COUNTBLANK(X81)=0),IF((COUNTBLANK(AD81)=0),Stats!$E$6,Stats!$E$5),Stats!$E$4),"")) -> Death | C81: =IF(B81=Stats!$E$5,Stats!$E$11,"") | D81: 45800 | E81: =IFERROR(TODAY()-DATE(2000+MID(F81,SEARCH("-",F81,SEARCH("-",F81)+1)+1,2),MID(F81,SEARCH("-",F81,SEARCH("-",F81)+1)+3,2),MID(F81,SEARCH("-",F81,SEARCH("-",F81)+1)+5,2)),"") -> 348 | F81: 999-43-250301-11-018 | G81: 110/455 | H81: C57Bl6/NTac | I81: Male ♂ | J81: PE/EA/00329-6/2025 | K81: Kocsis Bálint | L81: Epilepsy | M81: =COUNTA(D81)*COUNTA(F81)*COUNTA(J81)*COUNTA(L81) -> 1 | N81: 45860 | O81: KB - Kocsis Bálint | P81: AAV420 | S81: 1x | T81: PPC | U81: -200,-400 | V81: 200200 | W81: B0J1 | X81: 45860 | Y81: KB - Kocsis Bálint | AA81: 45860 | AB81: death (during surgery)
A82: Mouse_79 | B82: =IF((COUNTBLANK(AA82)=0),Stats!$E$7,IF((COUNTBLANK(N82)=0),IF((COUNTBLANK(X82)=0),IF((COUNTBLANK(AD82)=0),Stats!$E$6,Stats!$E$5),Stats!$E$4),"")) -> Death | C82: =IF(B82=Stats!$E$5,Stats!$E$11,"") | D82: 45800 | E82: =IFERROR(TODAY()-DATE(2000+MID(F82,SEARCH("-",F82,SEARCH("-",F82)+1)+1,2),MID(F82,SEARCH("-",F82,SEARCH("-",F82)+1)+3,2),MID(F82,SEARCH("-",F82,SEARCH("-",F82)+1)+5,2)),"") -> 348 | F82: 999-43-250301-11-019 | G82: 110/455 | H82: C57Bl6/NTac | I82: Male ♂ | J82: PE/EA/00329-6/2025 | K82: Kocsis Bálint | L82: Epilepsy | M82: =COUNTA(D82)*COUNTA(F82)*COUNTA(J82)*COUNTA(L82) -> 1 | N82: 45861 | O82: KB - Kocsis Bálint | P82: AAV420 | S82: 1x | T82: PPC | U82: -200,-400 | V82: 200200 | W82: B0J1 | X82: 45861 | Y82: KB - Kocsis Bálint | AA82: 45903 | AB82: anatomical test | AC82: Ablation (good expression)
A83: Mouse_80 | B83: =IF((COUNTBLANK(AA83)=0),Stats!$E$7,IF((COUNTBLANK(N83)=0),IF((COUNTBLANK(X83)=0),IF((COUNTBLANK(AD83)=0),Stats!$E$6,Stats!$E$5),Stats!$E$4),"")) -> Death | C83: =IF(B83=Stats!$E$5,Stats!$E$11,"") | D83: 45800 | E83: =IFERROR(TODAY()-DATE(2000+MID(F83,SEARCH("-",F83,SEARCH("-",F83)+1)+1,2),MID(F83,SEARCH("-",F83,SEARCH("-",F83)+1)+3,2),MID(F83,SEARCH("-",F83,SEARCH("-",F83)+1)+5,2)),"") -> 348 | F83: 999-43-250301-11-020 | G83: 110/455 | H83: C57Bl6/NTac | I83: Male ♂ | J83: PE/EA/00329-6/2025 | K83: Kocsis Bálint | L83: Epilepsy | M83: =COUNTA(D83)*COUNTA(F83)*COUNTA(J83)*COUNTA(L83) -> 1 | N83: 45861 | O83: KB - Kocsis Bálint | P83: AAV420 | S83: 1x | T83: PPC | U83: -200,-400 | V83: 200200 | W83: B0J0 | X83: 45861 | Y83: KB - Kocsis Bálint | AA83: 45903 | AB83: anatomical test | AC83: Ablation (good expression)
A84: Mouse_81 | B84: =IF((COUNTBLANK(AA84)=0),Stats!$E$7,IF((COUNTBLANK(N84)=0),IF((COUNTBLANK(X84)=0),IF((COUNTBLANK(AD84)=0),Stats!$E$6,Stats!$E$5),Stats!$E$4),"")) -> Death | D84: 45800 | E84: =IFERROR(TODAY()-DATE(2000+MID(F84,SEARCH("-",F84,SEARCH("-",F84)+1)+1,2),MID(F84,SEARCH("-",F84,SEARCH("-",F84)+1)+3,2),MID(F84,SEARCH("-",F84,SEARCH("-",F84)+1)+5,2)),"") -> 347 | F84: 999-43-250302-11-014 | G84: 110/454 | H84: C57Bl6/NTac | I84: Male ♂ | J84: PE/EA/00329-6/2025 | K84: Kocsis Bálint | L84: Epilepsy | M84: =COUNTA(D84)*COUNTA(F84)*COUNTA(J84)*COUNTA(L84) -> 1 | N84: 45855 | O84: KB - Kocsis Bálint | P84: AAV420 | S84: 1x | T84: PPC | U84: -200,-400 | V84: 200200 | W84: B0J0 | X84: 45855 | Y84: KB - Kocsis Bálint | AA84: 45881 | AB84: death (lost headplate)
A85: Mouse_82 | B85: =IF((COUNTBLANK(AA85)=0),Stats!$E$7,IF((COUNTBLANK(N85)=0),IF((COUNTBLANK(X85)=0),IF((COUNTBLANK(AD85)=0),Stats!$E$6,Stats!$E$5),Stats!$E$4),"")) -> Death | C85: =IF(B85=Stats!$E$5,Stats!$E$11,"") | D85: 45800 | E85: =IFERROR(TODAY()-DATE(2000+MID(F85,SEARCH("-",F85,SEARCH("-",F85)+1)+1,2),MID(F85,SEARCH("-",F85,SEARCH("-",F85)+1)+3,2),MID(F85,SEARCH("-",F85,SEARCH("-",F85)+1)+5,2)),"") -> 347 | F85: 999-43-250302-11-015 | G85: 110/454 | H85: C57Bl6/NTac | I85: Male ♂ | J85: PE/EA/00329-6/2025 | K85: Kocsis Bálint | L85: Epilepsy | M85: =COUNTA(D85)*COUNTA(F85)*COUNTA(J85)*COUNTA(L85) -> 1 | N85: 45856 | O85: KB - Kocsis Bálint | P85: AAV420 | S85: 1x | T85: PPC | U85: -200,-400 | V85: 200200 | W85: B1J0 | X85: 45856 | Y85: KB - Kocsis Bálint | AA85: 45904 | AB85: anatomical test | AC85: Controll
A86: Mouse_83 | B86: =IF((COUNTBLANK(AA86)=0),Stats!$E$7,IF((COUNTBLANK(N86)=0),IF((COUNTBLANK(X86)=0),IF((COUNTBLANK(AD86)=0),Stats!$E$6,Stats!$E$5),Stats!$E$4),"")) -> Death | C86: =IF(B86=Stats!$E$5,Stats!$E$11,"") | D86: 45800 | E86: =IFERROR(TODAY()-DATE(2000+MID(F86,SEARCH("-",F86,SEARCH("-",F86)+1)+1,2),MID(F86,SEARCH("-",F86,SEARCH("-",F86)+1)+3,2),MID(F86,SEARCH("-",F86,SEARCH("-",F86)+1)+5,2)),"") -> 347 | F86: 999-43-250302-11-016 | G86: 110/454 | H86: C57Bl6/NTac | I86: Male ♂ | J86: PE/EA/00329-6/2025 | K86: Kocsis Bálint | L86: Epilepsy | M86: =COUNTA(D86)*COUNTA(F86)*COUNTA(J86)*COUNTA(L86) -> 1 | N86: 45856 | O86: KB - Kocsis Bálint | P86: AAV420 | S86: 1x | T86: PPC | U86: -200,-400 | V86: 200200 | W86: B0J1 | X86: 45856 | Y86: KB - Kocsis Bálint | AA86: 45904 | AB86: anatomical test | AC86: Controll
A87: Mouse_84 | B87: =IF((COUNTBLANK(AA87)=0),Stats!$E$7,IF((COUNTBLANK(N87)=0),IF((COUNTBLANK(X87)=0),IF((COUNTBLANK(AD87)=0),Stats!$E$6,Stats!$E$5),Stats!$E$4),"")) -> Death | C87: =IF(B87=Stats!$E$5,Stats!$E$11,"") | D87: 45800 | E87: =IFERROR(TODAY()-DATE(2000+MID(F87,SEARCH("-",F87,SEARCH("-",F87)+1)+1,2),MID(F87,SEARCH("-",F87,SEARCH("-",F87)+1)+3,2),MID(F87,SEARCH("-",F87,SEARCH("-",F87)+1)+5,2)),"") -> 347 | F87: 999-43-250302-11-017 | G87: 110/454 | H87: C57Bl6/NTac | I87: Male ♂ | J87: PE/EA/00329-6/2025 | K87: Kocsis Bálint | L87: Epilepsy | M87: =COUNTA(D87)*COUNTA(F87)*COUNTA(J87)*COUNTA(L87) -> 1 | N87: 45860 | O87: KB - Kocsis Bálint | P87: AAV420 | S87: 1x | T87: PPC | U87: -200,-400 | V87: 200200 | W87: B1J1 | X87: 45860 | Y87: KB - Kocsis Bálint | AA87: 45904 | AB87: anatomical test | AC87: Ablation (great expression)
A88: Mouse_85 | B88: =IF((COUNTBLANK(AA88)=0),Stats!$E$7,IF((COUNTBLANK(N88)=0),IF((COUNTBLANK(X88)=0),IF((COUNTBLANK(AD88)=0),Stats!$E$6,Stats!$E$5),Stats!$E$4),"")) -> Death | C88: =IF(B88=Stats!$E$5,Stats!$E$11,"") | D88: 45807 | E88: =IFERROR(TODAY()-DATE(2000+MID(F88,SEARCH("-",F88,SEARCH("-",F88)+1)+1,2),MID(F88,SEARCH("-",F88,SEARCH("-",F88)+1)+3,2),MID(F88,SEARCH("-",F88,SEARCH("-",F88)+1)+5,2)),"") -> 298 | F88: 999-01-250420-11-043 | G88: 110/447 | H88: C57Bl/6J | I88: Male ♂ | J88: PE/EA/00329-6/2025 | K88: Soós András | L88: VIP | M88: =COUNTA(D88)*COUNTA(F88)*COUNTA(J88)*COUNTA(L88) -> 1 | N88: 45814 | O88: SAA - Soós András Áron | P88: AG55 | Q88: AAV197 | R88: AAV428 | S88: 100x, 10000x, 10000x | T88: V1 | U88: -300 | V88: 200 | W88: B0J0 | X88: 45814 | Y88: SAA - Soós András Áron | AA88: 46000 | AB88: humane endpoint
A89: Mouse_86 | B89: =IF((COUNTBLANK(AA89)=0),Stats!$E$7,IF((COUNTBLANK(N89)=0),IF((COUNTBLANK(X89)=0),IF((COUNTBLANK(AD89)=0),Stats!$E$6,Stats!$E$5),Stats!$E$4),"")) -> Death | C89: =IF(B89=Stats!$E$5,Stats!$E$11,"") | D89: 45807 | E89: =IFERROR(TODAY()-DATE(2000+MID(F89,SEARCH("-",F89,SEARCH("-",F89)+1)+1,2),MID(F89,SEARCH("-",F89,SEARCH("-",F89)+1)+3,2),MID(F89,SEARCH("-",F89,SEARCH("-",F89)+1)+5,2)),"") -> 298 | F89: 999-01-250420-11-044 | G89: 110/447 | H89: C57Bl/6J | I89: Male ♂ | J89: PE/EA/00329-6/2025 | K89: Soós András | L89: VIP | M89: =COUNTA(D89)*COUNTA(F89)*COUNTA(J89)*COUNTA(L89) -> 1 | N89: 45814 | O89: SAA - Soós András Áron | P89: AG55 | Q89: AAV197 | R89: AAV428 | S89: 100x, 10000x, 10000x | T89: V1 | U89: -300 | V89: 200 | W89: B1J0 | X89: 45814 | Y89: SAA - Soós András Áron | AA89: 45839 | AB89: death (other)
A90: Mouse_87 | B90: =IF((COUNTBLANK(AA90)=0),Stats!$E$7,IF((COUNTBLANK(N90)=0),IF((COUNTBLANK(X90)=0),IF((COUNTBLANK(AD90)=0),Stats!$E$6,Stats!$E$5),Stats!$E$4),"")) -> Death | C90: =IF(B90=Stats!$E$5,Stats!$E$11,"") | D90: 45807 | E90: =IFERROR(TODAY()-DATE(2000+MID(F90,SEARCH("-",F90,SEARCH("-",F90)+1)+1,2),MID(F90,SEARCH("-",F90,SEARCH("-",F90)+1)+3,2),MID(F90,SEARCH("-",F90,SEARCH("-",F90)+1)+5,2)),"") -> 298 | F90: 999-01-250420-11-056 | G90: 110/447 | H90: C57Bl/6J | I90: Male ♂ | J90: PE/EA/00329-6/2025 | K90: Soós András | L90: VIP | M90: =COUNTA(D90)*COUNTA(F90)*COUNTA(J90)*COUNTA(L90) -> 1 | N90: 45818 | O90: SAA - Soós András Áron | P90: AG31 | Q90: AAV197 | S90: 5x, 2x | T90: V1 | U90: -300 | V90: 200 | W90: B0J1 | X90: 45818 | Y90: SAA - Soós András Áron | AA90: 45917 | AB90: death (sickness)
A91: Mouse_88 | B91: =IF((COUNTBLANK(AA91)=0),Stats!$E$7,IF((COUNTBLANK(N91)=0),IF((COUNTBLANK(X91)=0),IF((COUNTBLANK(AD91)=0),Stats!$E$6,Stats!$E$5),Stats!$E$4),"")) -> Death | C91: Behavior | D91: 45807 | E91: =IFERROR(TODAY()-DATE(2000+MID(F91,SEARCH("-",F91,SEARCH("-",F91)+1)+1,2),MID(F91,SEARCH("-",F91,SEARCH("-",F91)+1)+3,2),MID(F91,SEARCH("-",F91,SEARCH("-",F91)+1)+5,2)),"") -> 298 | F91: 999-01-250420-11-057 | G91: 110/447 | H91: C57Bl/6J | I91: Male ♂ | J91: PE/EA/00329-6/2025 | K91: Bautista-Soldevilla Áron | L91: Moculus | M91: =COUNTA(D91)*COUNTA(F91)*COUNTA(J91)*COUNTA(L91) -> 1 | N91: 45818 | O91: SAA - Soós András Áron | P91: AG31 | Q91: AAV197 | S91: 5x, 2x | T91: V1 | U91: -300 | V91: 200 | W91: B1J1 | X91: 45818 | Y91: SAA - Soós András Áron | AA91: 46000 | AB91: humane endpoint
A92: Mouse_89 | B92: =IF((COUNTBLANK(AA92)=0),Stats!$E$7,IF((COUNTBLANK(N92)=0),IF((COUNTBLANK(X92)=0),IF((COUNTBLANK(AD92)=0),Stats!$E$6,Stats!$E$5),Stats!$E$4),"")) -> Death | C92: =IF(B92=Stats!$E$5,Stats!$E$11,"") | D92: 45807 | E92: =IFERROR(TODAY()-DATE(2000+MID(F92,SEARCH("-",F92,SEARCH("-",F92)+1)+1,2),MID(F92,SEARCH("-",F92,SEARCH("-",F92)+1)+3,2),MID(F92,SEARCH("-",F92,SEARCH("-",F92)+1)+5,2)),"") -> 295 | F92: 999-01-250423-11-107 | G92: 117/166 | H92: C57Bl/6J | I92: Male ♂ | J92: PE/EA/00329-6/2025 | K92: Popara Lídia | L92: VIP | M92: =COUNTA(D92)*COUNTA(F92)*COUNTA(J92)*COUNTA(L92) -> 1 | N92: 45819 | O92: PL - Popara Lídia | P92: AG31 | Q92: AAV197 | S92: 5x, 2x | T92: V1 | U92: -50 | V92: 200 | W92: B0J0 | X92: 45819 | Y92: PL - Popara Lídia | AA92: 46000 | AB92: humane endpoint
A93: Mouse_90 | B93: =IF((COUNTBLANK(AA93)=0),Stats!$E$7,IF((COUNTBLANK(N93)=0),IF((COUNTBLANK(X93)=0),IF((COUNTBLANK(AD93)=0),Stats!$E$6,Stats!$E$5),Stats!$E$4),"")) -> Death | C93: =IF(B93=Stats!$E$5,Stats!$E$11,"") | D93: 45807 | E93: =IFERROR(TODAY()-DATE(2000+MID(F93,SEARCH("-",F93,SEARCH("-",F93)+1)+1,2),MID(F93,SEARCH("-",F93,SEARCH("-",F93)+1)+3,2),MID(F93,SEARCH("-",F93,SEARCH("-",F93)+1)+5,2)),"") -> 295 | F93: 999-01-250423-11-108 | G93: 117/166 | H93: C57Bl/6J | I93: Male ♂ | J93: PE/EA/00329-6/2025 | K93: Popara Lídia | L93: VIP | M93: =COUNTA(D93)*COUNTA(F93)*COUNTA(J93)*COUNTA(L93) -> 1 | N93: 45819 | O93: PL - Popara Lídia | P93: AG31 | Q93: AAV197 | S93: 5x, 2x | T93: V1 | U93: -50 | V93: 200 | W93: B1J0 | X93: 45819 | Y93: PL - Popara Lídia | AA93: 46000 | AB93: humane endpoint
A94: Mouse_91 | B94: =IF((COUNTBLANK(AA94)=0),Stats!$E$7,IF((COUNTBLANK(N94)=0),IF((COUNTBLANK(X94)=0),IF((COUNTBLANK(AD94)=0),Stats!$E$6,Stats!$E$5),Stats!$E$4),"")) -> Death | C94: Behavior | D94: 45807 | E94: =IFERROR(TODAY()-DATE(2000+MID(F94,SEARCH("-",F94,SEARCH("-",F94)+1)+1,2),MID(F94,SEARCH("-",F94,SEARCH("-",F94)+1)+3,2),MID(F94,SEARCH("-",F94,SEARCH("-",F94)+1)+5,2)),"") -> 294 | F94: 999-01-250424-11-056 | G94: 117/342 | H94: C57Bl/6J | I94: Male ♂ | J94: PE/EA/00329-6/2025 | K94: Wéber Katalin | L94: Moculus | M94: =COUNTA(D94)*COUNTA(F94)*COUNTA(J94)*COUNTA(L94) -> 1 | N94: 45826 | O94: SAA - Soós András Áron | P94: AG55 | Q94: AAV197 | R94: AAV428 | S94: 100x, 10000x, 10000x | T94: V1 | U94: -300 | V94: 200 | W94: B0J0 | X94: 45826 | Y94: SAA - Soós András Áron | AA94: 46010 | AB94: humane endpoint
A95: Mouse_92 | B95: =IF((COUNTBLANK(AA95)=0),Stats!$E$7,IF((COUNTBLANK(N95)=0),IF((COUNTBLANK(X95)=0),IF((COUNTBLANK(AD95)=0),Stats!$E$6,Stats!$E$5),Stats!$E$4),"")) -> Death | C95: Behavior | D95: 45807 | E95: =IFERROR(TODAY()-DATE(2000+MID(F95,SEARCH("-",F95,SEARCH("-",F95)+1)+1,2),MID(F95,SEARCH("-",F95,SEARCH("-",F95)+1)+3,2),MID(F95,SEARCH("-",F95,SEARCH("-",F95)+1)+5,2)),"") -> 294 | F95: 999-01-250424-11-057 | G95: 117/342 | H95: C57Bl/6J | I95: Male ♂ | J95: PE/EA/00329-6/2025 | K95: Wéber Katalin | L95: Moculus | M95: =COUNTA(D95)*COUNTA(F95)*COUNTA(J95)*COUNTA(L95) -> 1 | N95: 45826 | O95: SAA - Soós András Áron | P95: AG55 | Q95: AAV197 | R95: AAV428 | S95: 100x, 10000x, 10000x | T95: V1 | U95: -300 | V95: 200 | W95: B1J0 | X95: 45826 | Y95: SAA - Soós András Áron | AA95: 46010 | AB95: humane endpoint
A96: Mouse_93 | B96: =IF((COUNTBLANK(AA96)=0),Stats!$E$7,IF((COUNTBLANK(N96)=0),IF((COUNTBLANK(X96)=0),IF((COUNTBLANK(AD96)=0),Stats!$E$6,Stats!$E$5),Stats!$E$4),"")) -> Death | C96: Culling | D96: 45807 | E96: =IFERROR(TODAY()-DATE(2000+MID(F96,SEARCH("-",F96,SEARCH("-",F96)+1)+1,2),MID(F96,SEARCH("-",F96,SEARCH("-",F96)+1)+3,2),MID(F96,SEARCH("-",F96,SEARCH("-",F96)+1)+5,2)),"") -> 294 | F96: 999-01-250424-11-058 | G96: 117/342 | H96: C57Bl/6J | I96: Male ♂ | J96: PE/EA/00329-6/2025 | K96: Wéber Katalin | L96: Moculus | M96: =COUNTA(D96)*COUNTA(F96)*COUNTA(J96)*COUNTA(L96) -> 1 | N96: 45827 | O96: SAA - Soós András Áron | P96: AG31 | Q96: AAV197 | S96: 5x, 2x | T96: V1 | U96: -300 | V96: 200 | W96: B0J1 | X96: 45827 | Y96: SAA - Soós András Áron | AA96: 45859 | AB96: death (other)
A97: Mouse_94 | B97: =IF((COUNTBLANK(AA97)=0),Stats!$E$7,IF((COUNTBLANK(N97)=0),IF((COUNTBLANK(X97)=0),IF((COUNTBLANK(AD97)=0),Stats!$E$6,Stats!$E$5),Stats!$E$4),"")) -> Death | C97: Behavior | D97: 45807 | E97: =IFERROR(TODAY()-DATE(2000+MID(F97,SEARCH("-",F97,SEARCH("-",F97)+1)+1,2),MID(F97,SEARCH("-",F97,SEARCH("-",F97)+1)+3,2),MID(F97,SEARCH("-",F97,SEARCH("-",F97)+1)+5,2)),"") -> 294 | F97: 999-01-250424-11-059 | G97: 117/342 | H97: C57Bl/6J | I97: Male ♂ | J97: PE/EA/00329-6/2025 | K97: Bautista-Soldevilla Áron | L97: Moculus | M97: =COUNTA(D97)*COUNTA(F97)*COUNTA(J97)*COUNTA(L97) -> 1 | N97: 45827 | O97: SAA - Soós András Áron | P97: AG31 | Q97: AAV197 | S97: 5x, 2x | T97: V1 | U97: -300 | V97: 200 | W97: B1J1 | X97: 45827 | Y97: SAA - Soós András Áron | AA97: 46010 | AB97: humane endpoint
A98: Mouse_95 | B98: =IF((COUNTBLANK(AA98)=0),Stats!$E$7,IF((COUNTBLANK(N98)=0),IF((COUNTBLANK(X98)=0),IF((COUNTBLANK(AD98)=0),Stats!$E$6,Stats!$E$5),Stats!$E$4),"")) -> Death | C98: To define | D98: 45807 | E98: =IFERROR(TODAY()-DATE(2000+MID(F98,SEARCH("-",F98,SEARCH("-",F98)+1)+1,2),MID(F98,SEARCH("-",F98,SEARCH("-",F98)+1)+3,2),MID(F98,SEARCH("-",F98,SEARCH("-",F98)+1)+5,2)),"") -> 294 | F98: 999-01-250424-11-060 | G98: 117/342 | H98: C57Bl/6J | I98: Male ♂ | J98: PE/EA/00329-6/2025 | K98: Soós András | L98: VSD | M98: =COUNTA(D98)*COUNTA(F98)*COUNTA(J98)*COUNTA(L98) -> 1 | N98: 45846 | O98: PL - Popara Lídia | P98: AG53 | Q98: AAV197 | R98: AG8 | T98: V1 | U98: -350 | V98: 400 | W98: B0J0 | Y98: PL - Popara Lídia | AA98: 46000 | AB98: humane endpoint | AC98: Andris Voltage
A99: Mouse_96 | B99: =IF((COUNTBLANK(AA99)=0),Stats!$E$7,IF((COUNTBLANK(N99)=0),IF((COUNTBLANK(X99)=0),IF((COUNTBLANK(AD99)=0),Stats!$E$6,Stats!$E$5),Stats!$E$4),"")) -> Death | C99: Culling | D99: 45807 | E99: =IFERROR(TODAY()-DATE(2000+MID(F99,SEARCH("-",F99,SEARCH("-",F99)+1)+1,2),MID(F99,SEARCH("-",F99,SEARCH("-",F99)+1)+3,2),MID(F99,SEARCH("-",F99,SEARCH("-",F99)+1)+5,2)),"") -> 311 | F99: 628-49-250407-21-007 | G99: 211/412 | H99: Thy1-Cre | I99: Female ♀ | J99: PE/EA/00329-6/2025 | K99: Szebik Huba | L99: Moculus | M99: =COUNTA(D99)*COUNTA(F99)*COUNTA(J99)*COUNTA(L99) -> 1 | X99: 45824 | Y99: WK - Wéber Katalin | AA99: 45852 | AB99: death (lost headplate)
A100: Mouse_97 | B100: =IF((COUNTBLANK(AA100)=0),Stats!$E$7,IF((COUNTBLANK(N100)=0),IF((COUNTBLANK(X100)=0),IF((COUNTBLANK(AD100)=0),Stats!$E$6,Stats!$E$5),Stats!$E$4),"")) -> Death | C100: Behavior | D100: 45807 | E100: =IFERROR(TODAY()-DATE(2000+MID(F100,SEARCH("-",F100,SEARCH("-",F100)+1)+1,2),MID(F100,SEARCH("-",F100,SEARCH("-",F100)+1)+3,2),MID(F100,SEARCH("-",F100,SEARCH("-",F100)+1)+5,2)),"") -> 311 | F100: 628-49-250407-21-008 | G100: 211/412 | H100: Thy1-Cre | I100: Female ♀ | J100: PE/EA/00329-6/2025 | K100: Szebik Huba | L100: Moculus | M100: =COUNTA(D100)*COUNTA(F100)*COUNTA(J100)*COUNTA(L100) -> 1 | X100: 45824 | Y100: WK - Wéber Katalin | AA100: 46010 | AB100: humane endpoint
...

Sheet Summary Liliom
A1: All animals stats | H1: Usage by line
A2: Project | B2: State | F2: Alive
B3: Death | C3: Injected | D3: Check-up | E3: Experiment | H3: Line | I3: Animals
B4: =COUNTIFS('old -- All injections Dobos'!$C$2:$C$3002,'Summary Liliom'!$A4,'old -- All injections Dobos'!$B$2:$B$3002,'Summary Liliom'!B$3) -> 0 | C4: =COUNTIFS('old -- All injections Dobos'!$C$2:$C$3002,'Summary Liliom'!$A4,'old -- All injections Dobos'!$B$2:$B$3002,'Summary Liliom'!C$3) -> 0 | D4: =COUNTIFS('old -- All injections Dobos'!$C$2:$C$3002,'Summary Liliom'!$A4,'old -- All injections Dobos'!$B$2:$B$3002,'Summary Liliom'!D$3) -> 0 | E4: =COUNTIFS('old -- All injections Dobos'!$C$2:$C$3002,'Summary Liliom'!$A4,'old -- All injections Dobos'!$B$2:$B$3002,'Summary Liliom'!E$3) -> 0 | F4: =SUM(C4:E4) -> 0 | H4: =IF(COUNTA(Stats!G4)=1,Stats!G4,"") -> BAC-pva/gfp | I4: =COUNTIFS('old -- All injections Dobos'!J$2:J$3002,'Summary Liliom'!$H4) -> 10
A5: =IF(COUNTA(Stats!E20)=1,Stats!E20,"") -> ASO | B5: =COUNTIFS('old -- All injections Dobos'!$C$2:$C$3002,'Summary Liliom'!$A5,'old -- All injections Dobos'!$B$2:$B$3002,'Summary Liliom'!B$3) -> 86 | C5: =COUNTIFS('old -- All injections Dobos'!$C$2:$C$3002,'Summary Liliom'!$A5,'old -- All injections Dobos'!$B$2:$B$3002,'Summary Liliom'!C$3) -> 0 | D5: =COUNTIFS('old -- All injections Dobos'!$C$2:$C$3002,'Summary Liliom'!$A5,'old -- All injections Dobos'!$B$2:$B$3002,'Summary Liliom'!D$3) -> 0 | E5: =COUNTIFS('old -- All injections Dobos'!$C$2:$C$3002,'Summary Liliom'!$A5,'old -- All injections Dobos'!$B$2:$B$3002,'Summary Liliom'!E$3) -> 0 | F5: =SUM(C5:E5) -> 0 | H5: =IF(COUNTA(Stats!G5)=1,Stats!G5,"") -> C57Bl/6J | I5: =COUNTIFS('old -- All injections Dobos'!J$2:J$3002,'Summary Liliom'!$H5) -> 0
A6: =IF(COUNTA(Stats!E21)=1,Stats!E21,"") -> Collaboration | B6: =COUNTIFS('old -- All injections Dobos'!$C$2:$C$3002,'Summary Liliom'!$A6,'old -- All injections Dobos'!$B$2:$B$3002,'Summary Liliom'!B$3) -> 39 | C6: =COUNTIFS('old -- All injections Dobos'!$C$2:$C$3002,'Summary Liliom'!$A6,'old -- All injections Dobos'!$B$2:$B$3002,'Summary Liliom'!C$3) -> 0 | D6: =COUNTIFS('old -- All injections Dobos'!$C$2:$C$3002,'Summary Liliom'!$A6,'old -- All injections Dobos'!$B$2:$B$3002,'Summary Liliom'!D$3) -> 0 | E6: =COUNTIFS('old -- All injections Dobos'!$C$2:$C$3002,'Summary Liliom'!$A6,'old -- All injections Dobos'!$B$2:$B$3002,'Summary Liliom'!E$3) -> 0 | F6: =SUM(C6:E6) -> 0 | H6: =IF(COUNTA(Stats!G6)=1,Stats!G6,"") -> C57Bl6/NTac | I6: =COUNTIFS('old -- All injections Dobos'!J$2:J$3002,'Summary Liliom'!$H6) -> 0
A7: =IF(COUNTA(Stats!E22)=1,Stats!E22,"") -> Columna | B7: =COUNTIFS('old -- All injections Dobos'!$C$2:$C$3002,'Summary Liliom'!$A7,'old -- All injections Dobos'!$B$2:$B$3002,'Summary Liliom'!B$3) -> 222 | C7: =COUNTIFS('old -- All injections Dobos'!$C$2:$C$3002,'Summary Liliom'!$A7,'old -- All injections Dobos'!$B$2:$B$3002,'Summary Liliom'!C$3) -> 0 | D7: =COUNTIFS('old -- All injections Dobos'!$C$2:$C$3002,'Summary Liliom'!$A7,'old -- All injections Dobos'!$B$2:$B$3002,'Summary Liliom'!D$3) -> 0 | E7: =COUNTIFS('old -- All injections Dobos'!$C$2:$C$3002,'Summary Liliom'!$A7,'old -- All injections Dobos'!$B$2:$B$3002,'Summary Liliom'!E$3) -> 0 | F7: =SUM(C7:E7) -> 0 | H7: =IF(COUNTA(Stats!G7)=1,Stats!G7,"") -> FVB/Ant | I7: =COUNTIFS('old -- All injections Dobos'!J$2:J$3002,'Summary Liliom'!$H7) -> 9
A8: =IF(COUNTA(Stats!E23)=1,Stats!E23,"") -> MS23 | B8: =COUNTIFS('old -- All injections Dobos'!$C$2:$C$3002,'Summary Liliom'!$A8,'old -- All injections Dobos'!$B$2:$B$3002,'Summary Liliom'!B$3) -> 80 | C8: =COUNTIFS('old -- All injections Dobos'!$C$2:$C$3002,'Summary Liliom'!$A8,'old -- All injections Dobos'!$B$2:$B$3002,'Summary Liliom'!C$3) -> 0 | D8: =COUNTIFS('old -- All injections Dobos'!$C$2:$C$3002,'Summary Liliom'!$A8,'old -- All injections Dobos'!$B$2:$B$3002,'Summary Liliom'!D$3) -> 0 | E8: =COUNTIFS('old -- All injections Dobos'!$C$2:$C$3002,'Summary Liliom'!$A8,'old -- All injections Dobos'!$B$2:$B$3002,'Summary Liliom'!E$3) -> 0 | F8: =SUM(C8:E8) -> 0 | H8: =IF(COUNTA(Stats!G8)=1,Stats!G8,"") -> PV-FLP | I8: =COUNTIFS('old -- All injections Dobos'!J$2:J$3002,'Summary Liliom'!$H8) -> 3
A9: =IF(COUNTA(Stats!E24)=1,Stats!E24,"") -> MS71 | B9: =COUNTIFS('old -- All injections Dobos'!$C$2:$C$3002,'Summary Liliom'!$A9,'old -- All injections Dobos'!$B$2:$B$3002,'Summary Liliom'!B$3) -> 5 | C9: =COUNTIFS('old -- All injections Dobos'!$C$2:$C$3002,'Summary Liliom'!$A9,'old -- All injections Dobos'!$B$2:$B$3002,'Summary Liliom'!C$3) -> 0 | D9: =COUNTIFS('old -- All injections Dobos'!$C$2:$C$3002,'Summary Liliom'!$A9,'old -- All injections Dobos'!$B$2:$B$3002,'Summary Liliom'!D$3) -> 0 | E9: =COUNTIFS('old -- All injections Dobos'!$C$2:$C$3002,'Summary Liliom'!$A9,'old -- All injections Dobos'!$B$2:$B$3002,'Summary Liliom'!E$3) -> 0 | F9: =SUM(C9:E9) -> 0 | H9: =IF(COUNTA(Stats!G9)=1,Stats!G9,"") -> TG_GCaMP6s_DA | I9: =COUNTIFS('old -- All injections Dobos'!J$2:J$3002,'Summary Liliom'!$H9) -> 0
A10: =IF(COUNTA(Stats!E25)=1,Stats!E25,"") -> Moculus | B10: =COUNTIFS('old -- All injections Dobos'!$C$2:$C$3002,'Summary Liliom'!$A10,'old -- All injections Dobos'!$B$2:$B$3002,'Summary Liliom'!B$3) -> 68 | C10: =COUNTIFS('old -- All injections Dobos'!$C$2:$C$3002,'Summary Liliom'!$A10,'old -- All injections Dobos'!$B$2:$B$3002,'Summary Liliom'!C$3) -> 0 | D10: =COUNTIFS('old -- All injections Dobos'!$C$2:$C$3002,'Summary Liliom'!$A10,'old -- All injections Dobos'!$B$2:$B$3002,'Summary Liliom'!D$3) -> 0 | E10: =COUNTIFS('old -- All injections Dobos'!$C$2:$C$3002,'Summary Liliom'!$A10,'old -- All injections Dobos'!$B$2:$B$3002,'Summary Liliom'!E$3) -> 0 | F10: =SUM(C10:E10) -> 0 | H10: =IF(COUNTA(Stats!G10)=1,Stats!G10,"") -> TG_GCaMP6F(82) | I10: =COUNTIFS('old -- All injections Dobos'!J$2:J$3002,'Summary Liliom'!$H10) -> 0
A11: =IF(COUNTA(Stats!E26)=1,Stats!E26,"") -> Multilayer | B11: =COUNTIFS('old -- All injections Dobos'!$C$2:$C$3002,'Summary Liliom'!$A11,'old -- All injections Dobos'!$B$2:$B$3002,'Summary Liliom'!B$3) -> 5 | C11: =COUNTIFS('old -- All injections Dobos'!$C$2:$C$3002,'Summary Liliom'!$A11,'old -- All injections Dobos'!$B$2:$B$3002,'Summary Liliom'!C$3) -> 0 | D11: =COUNTIFS('old -- All injections Dobos'!$C$2:$C$3002,'Summary Liliom'!$A11,'old -- All injections Dobos'!$B$2:$B$3002,'Summary Liliom'!D$3) -> 0 | E11: =COUNTIFS('old -- All injections Dobos'!$C$2:$C$3002,'Summary Liliom'!$A11,'old -- All injections Dobos'!$B$2:$B$3002,'Summary Liliom'!E$3) -> 0 | F11: =SUM(C11:E11) -> 0 | H11: =IF(COUNTA(Stats!G11)=1,Stats!G11,"") -> TG82 | I11: =COUNTIFS('old -- All injections Dobos'!J$2:J$3002,'Summary Liliom'!$H11) -> 3
A12: =IF(COUNTA(Stats!E27)=1,Stats!E27,"") -> Photostim | B12: =COUNTIFS('old -- All injections Dobos'!$C$2:$C$3002,'Summary Liliom'!$A12,'old -- All injections Dobos'!$B$2:$B$3002,'Summary Liliom'!B$3) -> 602 | C12: =COUNTIFS('old -- All injections Dobos'!$C$2:$C$3002,'Summary Liliom'!$A12,'old -- All injections Dobos'!$B$2:$B$3002,'Summary Liliom'!C$3) -> 0 | D12: =COUNTIFS('old -- All injections Dobos'!$C$2:$C$3002,'Summary Liliom'!$A12,'old -- All injections Dobos'!$B$2:$B$3002,'Summary Liliom'!D$3) -> 0 | E12: =COUNTIFS('old -- All injections Dobos'!$C$2:$C$3002,'Summary Liliom'!$A12,'old -- All injections Dobos'!$B$2:$B$3002,'Summary Liliom'!E$3) -> 0 | F12: =SUM(C12:E12) -> 0 | H12: =IF(COUNTA(Stats!G12)=1,Stats!G12,"") -> Thy1-Cre | I12: =COUNTIFS('old -- All injections Dobos'!J$2:J$3002,'Summary Liliom'!$H12) -> 936
A13: =IF(COUNTA(Stats!E28)=1,Stats!E28,"") -> Spectral demixing | B13: =COUNTIFS('old -- All injections Dobos'!$C$2:$C$3002,'Summary Liliom'!$A13,'old -- All injections Dobos'!$B$2:$B$3002,'Summary Liliom'!B$3) -> 3 | C13: =COUNTIFS('old -- All injections Dobos'!$C$2:$C$3002,'Summary Liliom'!$A13,'old -- All injections Dobos'!$B$2:$B$3002,'Summary Liliom'!C$3) -> 0 | D13: =COUNTIFS('old -- All injections Dobos'!$C$2:$C$3002,'Summary Liliom'!$A13,'old -- All injections Dobos'!$B$2:$B$3002,'Summary Liliom'!D$3) -> 0 | E13: =COUNTIFS('old -- All injections Dobos'!$C$2:$C$3002,'Summary Liliom'!$A13,'old -- All injections Dobos'!$B$2:$B$3002,'Summary Liliom'!E$3) -> 0 | F13: =SUM(C13:E13) -> 0 | H13: =IF(COUNTA(Stats!G13)=1,Stats!G13,"") -> VIP-cre | I13: =COUNTIFS('old -- All injections Dobos'!J$2:J$3002,'Summary Liliom'!$H13) -> 26
A14: =IF(COUNTA(Stats!E29)=1,Stats!E29,"") -> Treadmill | B14: =COUNTIFS('old -- All injections Dobos'!$C$2:$C$3002,'Summary Liliom'!$A14,'old -- All injections Dobos'!$B$2:$B$3002,'Summary Liliom'!B$3) -> 2 | C14: =COUNTIFS('old -- All injections Dobos'!$C$2:$C$3002,'Summary Liliom'!$A14,'old -- All injections Dobos'!$B$2:$B$3002,'Summary Liliom'!C$3) -> 0 | D14: =COUNTIFS('old -- All injections Dobos'!$C$2:$C$3002,'Summary Liliom'!$A14,'old -- All injections Dobos'!$B$2:$B$3002,'Summary Liliom'!D$3) -> 0 | E14: =COUNTIFS('old -- All injections Dobos'!$C$2:$C$3002,'Summary Liliom'!$A14,'old -- All injections Dobos'!$B$2:$B$3002,'Summary Liliom'!E$3) -> 0 | F14: =SUM(C14:E14) -> 0 | H14: =IF(COUNTA(Stats!G14)=1,Stats!G14,"") -> Rbp4-Cre | I14: =COUNTIFS('old -- All injections Dobos'!J$2:J$3002,'Summary Liliom'!$H14) -> 19
A15: =IF(COUNTA(Stats!E30)=1,Stats!E30,"") -> Uncage | B15: =COUNTIFS('old -- All injections Dobos'!$C$2:$C$3002,'Summary Liliom'!$A15,'old -- All injections Dobos'!$B$2:$B$3002,'Summary Liliom'!B$3) -> 8 | C15: =COUNTIFS('old -- All injections Dobos'!$C$2:$C$3002,'Summary Liliom'!$A15,'old -- All injections Dobos'!$B$2:$B$3002,'Summary Liliom'!C$3) -> 0 | D15: =COUNTIFS('old -- All injections Dobos'!$C$2:$C$3002,'Summary Liliom'!$A15,'old -- All injections Dobos'!$B$2:$B$3002,'Summary Liliom'!D$3) -> 0 | E15: =COUNTIFS('old -- All injections Dobos'!$C$2:$C$3002,'Summary Liliom'!$A15,'old -- All injections Dobos'!$B$2:$B$3002,'Summary Liliom'!E$3) -> 0 | F15: =SUM(C15:E15) -> 0 | H15: =IF(COUNTA(Stats!G15)=1,Stats!G15,"") -> BAC_Scnn1a/cre(Tg3Aibs)
A16: =IF(COUNTA(Stats!E31)=1,Stats!E31,"") -> Vírus teszt | B16: =COUNTIFS('old -- All injections Dobos'!$C$2:$C$3002,'Summary Liliom'!$A16,'old -- All injections Dobos'!$B$2:$B$3002,'Summary Liliom'!B$3) -> 6 | C16: =COUNTIFS('old -- All injections Dobos'!$C$2:$C$3002,'Summary Liliom'!$A16,'old -- All injections Dobos'!$B$2:$B$3002,'Summary Liliom'!C$3) -> 0 | D16: =COUNTIFS('old -- All injections Dobos'!$C$2:$C$3002,'Summary Liliom'!$A16,'old -- All injections Dobos'!$B$2:$B$3002,'Summary Liliom'!D$3) -> 0 | E16: =COUNTIFS('old -- All injections Dobos'!$C$2:$C$3002,'Summary Liliom'!$A16,'old -- All injections Dobos'!$B$2:$B$3002,'Summary Liliom'!E$3) -> 0 | F16: =SUM(C16:E16) -> 0 | H16: SUM | I16: =SUM(I4:I14) -> 1006
A17: =IF(COUNTA(Stats!E32)=1,Stats!E32,"") -> VSD | B17: =COUNTIFS('old -- All injections Dobos'!$C$2:$C$3002,'Summary Liliom'!$A17,'old -- All injections Dobos'!$B$2:$B$3002,'Summary Liliom'!B$3) -> 140 | C17: =COUNTIFS('old -- All injections Dobos'!$C$2:$C$3002,'Summary Liliom'!$A17,'old -- All injections Dobos'!$B$2:$B$3002,'Summary Liliom'!C$3) -> 0 | D17: =COUNTIFS('old -- All injections Dobos'!$C$2:$C$3002,'Summary Liliom'!$A17,'old -- All injections Dobos'!$B$2:$B$3002,'Summary Liliom'!D$3) -> 0 | E17: =COUNTIFS('old -- All injections Dobos'!$C$2:$C$3002,'Summary Liliom'!$A17,'old -- All injections Dobos'!$B$2:$B$3002,'Summary Liliom'!E$3) -> 0 | F17: =SUM(C17:E17) -> 0
A18: =IF(COUNTA(Stats!E33)=1,Stats!E33,"") -> VIP | B18: =COUNTIFS('old -- All injections Dobos'!$C$2:$C$3002,'Summary Liliom'!$A18,'old -- All injections Dobos'!$B$2:$B$3002,'Summary Liliom'!B$3) -> 108 | C18: =COUNTIFS('old -- All injections Dobos'!$C$2:$C$3002,'Summary Liliom'!$A18,'old -- All injections Dobos'!$B$2:$B$3002,'Summary Liliom'!C$3) -> 0 | D18: =COUNTIFS('old -- All injections Dobos'!$C$2:$C$3002,'Summary Liliom'!$A18,'old -- All injections Dobos'!$B$2:$B$3002,'Summary Liliom'!D$3) -> 0 | E18: =COUNTIFS('old -- All injections Dobos'!$C$2:$C$3002,'Summary Liliom'!$A18,'old -- All injections Dobos'!$B$2:$B$3002,'Summary Liliom'!E$3) -> 0 | F18: =SUM(C18:E18) -> 0
B19: =COUNTIFS('old -- All injections Dobos'!$C$2:$C$3002,'Summary Liliom'!$A19,'old -- All injections Dobos'!$B$2:$B$3002,'Summary Liliom'!B$3) -> 0 | C19: =COUNTIFS('old -- All injections Dobos'!$C$2:$C$3002,'Summary Liliom'!$A19,'old -- All injections Dobos'!$B$2:$B$3002,'Summary Liliom'!C$3) -> 0 | D19: =COUNTIFS('old -- All injections Dobos'!$C$2:$C$3002,'Summary Liliom'!$A19,'old -- All injections Dobos'!$B$2:$B$3002,'Summary Liliom'!D$3) -> 0 | E19: =COUNTIFS('old -- All injections Dobos'!$C$2:$C$3002,'Summary Liliom'!$A19,'old -- All injections Dobos'!$B$2:$B$3002,'Summary Liliom'!E$3) -> 0 | F19: =SUM(C19:E19) -> 0
B20: =COUNTIFS('old -- All injections Dobos'!$C$2:$C$3002,'Summary Liliom'!$A20,'old -- All injections Dobos'!$B$2:$B$3002,'Summary Liliom'!B$3) -> 0 | C20: =COUNTIFS('old -- All injections Dobos'!$C$2:$C$3002,'Summary Liliom'!$A20,'old -- All injections Dobos'!$B$2:$B$3002,'Summary Liliom'!C$3) -> 0 | D20: =COUNTIFS('old -- All injections Dobos'!$C$2:$C$3002,'Summary Liliom'!$A20,'old -- All injections Dobos'!$B$2:$B$3002,'Summary Liliom'!D$3) -> 0 | E20: =COUNTIFS('old -- All injections Dobos'!$C$2:$C$3002,'Summary Liliom'!$A20,'old -- All injections Dobos'!$B$2:$B$3002,'Summary Liliom'!E$3) -> 0 | F20: =SUM(C20:E20) -> 0
A21: SUM | B21: =SUM(B4:B20) -> 1374 | C21: =SUM(C4:C20) -> 0 | D21: =SUM(D4:D20) -> 0 | E21: =SUM(E4:E20) -> 0 | F21: =SUM(F4:F20) -> 0
A22: =IF(COUNTA(Stats!E43)=1,Stats!E43,"")

Sheet Help
A1: Online help document | D1: Mouse ID and virus injection table user manual

Sheet old -- Summary Dobos
A1: All animals stats | H1: Usage by line
A2: Project | B2: State | F2: Alive
B3: Death | C3: Injected | D3: Check-up | E3: Experiment | H3: Line | I3: Animals
B4: =COUNTIFS('old -- All injections Dobos'!$C$2:$C$3002,'old -- Summary Dobos'!$A4,'old -- All injections Dobos'!$B$2:$B$3002,'old -- Summary Dobos'!B$3) -> 0 | C4: =COUNTIFS('old -- All injections Dobos'!$C$2:$C$3002,'old -- Summary Dobos'!$A4,'old -- All injections Dobos'!$B$2:$B$3002,'old -- Summary Dobos'!C$3) -> 0 | D4: =COUNTIFS('old -- All injections Dobos'!$C$2:$C$3002,'old -- Summary Dobos'!$A4,'old -- All injections Dobos'!$B$2:$B$3002,'old -- Summary Dobos'!D$3) -> 0 | E4: =COUNTIFS('old -- All injections Dobos'!$C$2:$C$3002,'old -- Summary Dobos'!$A4,'old -- All injections Dobos'!$B$2:$B$3002,'old -- Summary Dobos'!E$3) -> 0 | F4: =SUM(C4:E4) -> 0 | H4: =IF(COUNTA(Stats!G4)=1,Stats!G4,"") -> BAC-pva/gfp | I4: =COUNTIFS('old -- All injections Dobos'!J$2:J$3002,'old -- Summary Dobos'!$H4) -> 10
A5: =IF(COUNTA(Stats!E20)=1,Stats!E20,"") -> ASO | B5: =COUNTIFS('old -- All injections Dobos'!$C$2:$C$3002,'old -- Summary Dobos'!$A5,'old -- All injections Dobos'!$B$2:$B$3002,'old -- Summary Dobos'!B$3) -> 86 | C5: =COUNTIFS('old -- All injections Dobos'!$C$2:$C$3002,'old -- Summary Dobos'!$A5,'old -- All injections Dobos'!$B$2:$B$3002,'old -- Summary Dobos'!C$3) -> 0 | D5: =COUNTIFS('old -- All injections Dobos'!$C$2:$C$3002,'old -- Summary Dobos'!$A5,'old -- All injections Dobos'!$B$2:$B$3002,'old -- Summary Dobos'!D$3) -> 0 | E5: =COUNTIFS('old -- All injections Dobos'!$C$2:$C$3002,'old -- Summary Dobos'!$A5,'old -- All injections Dobos'!$B$2:$B$3002,'old -- Summary Dobos'!E$3) -> 0 | F5: =SUM(C5:E5) -> 0 | H5: =IF(COUNTA(Stats!G5)=1,Stats!G5,"") -> C57Bl/6J | I5: =COUNTIFS('old -- All injections Dobos'!J$2:J$3002,'old -- Summary Dobos'!$H5) -> 0
A6: =IF(COUNTA(Stats!E21)=1,Stats!E21,"") -> Collaboration | B6: =COUNTIFS('old -- All injections Dobos'!$C$2:$C$3002,'old -- Summary Dobos'!$A6,'old -- All injections Dobos'!$B$2:$B$3002,'old -- Summary Dobos'!B$3) -> 39 | C6: =COUNTIFS('old -- All injections Dobos'!$C$2:$C$3002,'old -- Summary Dobos'!$A6,'old -- All injections Dobos'!$B$2:$B$3002,'old -- Summary Dobos'!C$3) -> 0 | D6: =COUNTIFS('old -- All injections Dobos'!$C$2:$C$3002,'old -- Summary Dobos'!$A6,'old -- All injections Dobos'!$B$2:$B$3002,'old -- Summary Dobos'!D$3) -> 0 | E6: =COUNTIFS('old -- All injections Dobos'!$C$2:$C$3002,'old -- Summary Dobos'!$A6,'old -- All injections Dobos'!$B$2:$B$3002,'old -- Summary Dobos'!E$3) -> 0 | F6: =SUM(C6:E6) -> 0 | H6: =IF(COUNTA(Stats!G6)=1,Stats!G6,"") -> C57Bl6/NTac | I6: =COUNTIFS('old -- All injections Dobos'!J$2:J$3002,'old -- Summary Dobos'!$H6) -> 0
A7: =IF(COUNTA(Stats!E22)=1,Stats!E22,"") -> Columna | B7: =COUNTIFS('old -- All injections Dobos'!$C$2:$C$3002,'old -- Summary Dobos'!$A7,'old -- All injections Dobos'!$B$2:$B$3002,'old -- Summary Dobos'!B$3) -> 222 | C7: =COUNTIFS('old -- All injections Dobos'!$C$2:$C$3002,'old -- Summary Dobos'!$A7,'old -- All injections Dobos'!$B$2:$B$3002,'old -- Summary Dobos'!C$3) -> 0 | D7: =COUNTIFS('old -- All injections Dobos'!$C$2:$C$3002,'old -- Summary Dobos'!$A7,'old -- All injections Dobos'!$B$2:$B$3002,'old -- Summary Dobos'!D$3) -> 0 | E7: =COUNTIFS('old -- All injections Dobos'!$C$2:$C$3002,'old -- Summary Dobos'!$A7,'old -- All injections Dobos'!$B$2:$B$3002,'old -- Summary Dobos'!E$3) -> 0 | F7: =SUM(C7:E7) -> 0 | H7: =IF(COUNTA(Stats!G7)=1,Stats!G7,"") -> FVB/Ant | I7: =COUNTIFS('old -- All injections Dobos'!J$2:J$3002,'old -- Summary Dobos'!$H7) -> 9
A8: =IF(COUNTA(Stats!E23)=1,Stats!E23,"") -> MS23 | B8: =COUNTIFS('old -- All injections Dobos'!$C$2:$C$3002,'old -- Summary Dobos'!$A8,'old -- All injections Dobos'!$B$2:$B$3002,'old -- Summary Dobos'!B$3) -> 80 | C8: =COUNTIFS('old -- All injections Dobos'!$C$2:$C$3002,'old -- Summary Dobos'!$A8,'old -- All injections Dobos'!$B$2:$B$3002,'old -- Summary Dobos'!C$3) -> 0 | D8: =COUNTIFS('old -- All injections Dobos'!$C$2:$C$3002,'old -- Summary Dobos'!$A8,'old -- All injections Dobos'!$B$2:$B$3002,'old -- Summary Dobos'!D$3) -> 0 | E8: =COUNTIFS('old -- All injections Dobos'!$C$2:$C$3002,'old -- Summary Dobos'!$A8,'old -- All injections Dobos'!$B$2:$B$3002,'old -- Summary Dobos'!E$3) -> 0 | F8: =SUM(C8:E8) -> 0 | H8: =IF(COUNTA(Stats!G8)=1,Stats!G8,"") -> PV-FLP | I8: =COUNTIFS('old -- All injections Dobos'!J$2:J$3002,'old -- Summary Dobos'!$H8) -> 3
A9: =IF(COUNTA(Stats!E24)=1,Stats!E24,"") -> MS71 | B9: =COUNTIFS('old -- All injections Dobos'!$C$2:$C$3002,'old -- Summary Dobos'!$A9,'old -- All injections Dobos'!$B$2:$B$3002,'old -- Summary Dobos'!B$3) -> 5 | C9: =COUNTIFS('old -- All injections Dobos'!$C$2:$C$3002,'old -- Summary Dobos'!$A9,'old -- All injections Dobos'!$B$2:$B$3002,'old -- Summary Dobos'!C$3) -> 0 | D9: =COUNTIFS('old -- All injections Dobos'!$C$2:$C$3002,'old -- Summary Dobos'!$A9,'old -- All injections Dobos'!$B$2:$B$3002,'old -- Summary Dobos'!D$3) -> 0 | E9: =COUNTIFS('old -- All injections Dobos'!$C$2:$C$3002,'old -- Summary Dobos'!$A9,'old -- All injections Dobos'!$B$2:$B$3002,'old -- Summary Dobos'!E$3) -> 0 | F9: =SUM(C9:E9) -> 0 | H9: =IF(COUNTA(Stats!G9)=1,Stats!G9,"") -> TG_GCaMP6s_DA | I9: =COUNTIFS('old -- All injections Dobos'!J$2:J$3002,'old -- Summary Dobos'!$H9) -> 0
A10: =IF(COUNTA(Stats!E25)=1,Stats!E25,"") -> Moculus | B10: =COUNTIFS('old -- All injections Dobos'!$C$2:$C$3002,'old -- Summary Dobos'!$A10,'old -- All injections Dobos'!$B$2:$B$3002,'old -- Summary Dobos'!B$3) -> 68 | C10: =COUNTIFS('old -- All injections Dobos'!$C$2:$C$3002,'old -- Summary Dobos'!$A10,'old -- All injections Dobos'!$B$2:$B$3002,'old -- Summary Dobos'!C$3) -> 0 | D10: =COUNTIFS('old -- All injections Dobos'!$C$2:$C$3002,'old -- Summary Dobos'!$A10,'old -- All injections Dobos'!$B$2:$B$3002,'old -- Summary Dobos'!D$3) -> 0 | E10: =COUNTIFS('old -- All injections Dobos'!$C$2:$C$3002,'old -- Summary Dobos'!$A10,'old -- All injections Dobos'!$B$2:$B$3002,'old -- Summary Dobos'!E$3) -> 0 | F10: =SUM(C10:E10) -> 0 | H10: =IF(COUNTA(Stats!G10)=1,Stats!G10,"") -> TG_GCaMP6F(82) | I10: =COUNTIFS('old -- All injections Dobos'!J$2:J$3002,'old -- Summary Dobos'!$H10) -> 0
A11: =IF(COUNTA(Stats!E26)=1,Stats!E26,"") -> Multilayer | B11: =COUNTIFS('old -- All injections Dobos'!$C$2:$C$3002,'old -- Summary Dobos'!$A11,'old -- All injections Dobos'!$B$2:$B$3002,'old -- Summary Dobos'!B$3) -> 5 | C11: =COUNTIFS('old -- All injections Dobos'!$C$2:$C$3002,'old -- Summary Dobos'!$A11,'old -- All injections Dobos'!$B$2:$B$3002,'old -- Summary Dobos'!C$3) -> 0 | D11: =COUNTIFS('old -- All injections Dobos'!$C$2:$C$3002,'old -- Summary Dobos'!$A11,'old -- All injections Dobos'!$B$2:$B$3002,'old -- Summary Dobos'!D$3) -> 0 | E11: =COUNTIFS('old -- All injections Dobos'!$C$2:$C$3002,'old -- Summary Dobos'!$A11,'old -- All injections Dobos'!$B$2:$B$3002,'old -- Summary Dobos'!E$3) -> 0 | F11: =SUM(C11:E11) -> 0 | H11: =IF(COUNTA(Stats!G11)=1,Stats!G11,"") -> TG82 | I11: =COUNTIFS('old -- All injections Dobos'!J$2:J$3002,'old -- Summary Dobos'!$H11) -> 3
A12: =IF(COUNTA(Stats!E27)=1,Stats!E27,"") -> Photostim | B12: =COUNTIFS('old -- All injections Dobos'!$C$2:$C$3002,'old -- Summary Dobos'!$A12,'old -- All injections Dobos'!$B$2:$B$3002,'old -- Summary Dobos'!B$3) -> 602 | C12: =COUNTIFS('old -- All injections Dobos'!$C$2:$C$3002,'old -- Summary Dobos'!$A12,'old -- All injections Dobos'!$B$2:$B$3002,'old -- Summary Dobos'!C$3) -> 0 | D12: =COUNTIFS('old -- All injections Dobos'!$C$2:$C$3002,'old -- Summary Dobos'!$A12,'old -- All injections Dobos'!$B$2:$B$3002,'old -- Summary Dobos'!D$3) -> 0 | E12: =COUNTIFS('old -- All injections Dobos'!$C$2:$C$3002,'old -- Summary Dobos'!$A12,'old -- All injections Dobos'!$B$2:$B$3002,'old -- Summary Dobos'!E$3) -> 0 | F12: =SUM(C12:E12) -> 0 | H12: =IF(COUNTA(Stats!G12)=1,Stats!G12,"") -> Thy1-Cre | I12: =COUNTIFS('old -- All injections Dobos'!J$2:J$3002,'old -- Summary Dobos'!$H12) -> 936
A13: =IF(COUNTA(Stats!E28)=1,Stats!E28,"") -> Spectral demixing | B13: =COUNTIFS('old -- All injections Dobos'!$C$2:$C$3002,'old -- Summary Dobos'!$A13,'old -- All injections Dobos'!$B$2:$B$3002,'old -- Summary Dobos'!B$3) -> 3 | C13: =COUNTIFS('old -- All injections Dobos'!$C$2:$C$3002,'old -- Summary Dobos'!$A13,'old -- All injections Dobos'!$B$2:$B$3002,'old -- Summary Dobos'!C$3) -> 0 | D13: =COUNTIFS('old -- All injections Dobos'!$C$2:$C$3002,'old -- Summary Dobos'!$A13,'old -- All injections Dobos'!$B$2:$B$3002,'old -- Summary Dobos'!D$3) -> 0 | E13: =COUNTIFS('old -- All injections Dobos'!$C$2:$C$3002,'old -- Summary Dobos'!$A13,'old -- All injections Dobos'!$B$2:$B$3002,'old -- Summary Dobos'!E$3) -> 0 | F13: =SUM(C13:E13) -> 0 | H13: =IF(COUNTA(Stats!G13)=1,Stats!G13,"") -> VIP-cre | I13: =COUNTIFS('old -- All injections Dobos'!J$2:J$3002,'old -- Summary Dobos'!$H13) -> 26
A14: =IF(COUNTA(Stats!E29)=1,Stats!E29,"") -> Treadmill | B14: =COUNTIFS('old -- All injections Dobos'!$C$2:$C$3002,'old -- Summary Dobos'!$A14,'old -- All injections Dobos'!$B$2:$B$3002,'old -- Summary Dobos'!B$3) -> 2 | C14: =COUNTIFS('old -- All injections Dobos'!$C$2:$C$3002,'old -- Summary Dobos'!$A14,'old -- All injections Dobos'!$B$2:$B$3002,'old -- Summary Dobos'!C$3) -> 0 | D14: =COUNTIFS('old -- All injections Dobos'!$C$2:$C$3002,'old -- Summary Dobos'!$A14,'old -- All injections Dobos'!$B$2:$B$3002,'old -- Summary Dobos'!D$3) -> 0 | E14: =COUNTIFS('old -- All injections Dobos'!$C$2:$C$3002,'old -- Summary Dobos'!$A14,'old -- All injections Dobos'!$B$2:$B$3002,'old -- Summary Dobos'!E$3) -> 0 | F14: =SUM(C14:E14) -> 0 | H14: =IF(COUNTA(Stats!G14)=1,Stats!G14,"") -> Rbp4-Cre | I14: =COUNTIFS('old -- All injections Dobos'!J$2:J$3002,'old -- Summary Dobos'!$H14) -> 19
A15: =IF(COUNTA(Stats!E30)=1,Stats!E30,"") -> Uncage | B15: =COUNTIFS('old -- All injections Dobos'!$C$2:$C$3002,'old -- Summary Dobos'!$A15,'old -- All injections Dobos'!$B$2:$B$3002,'old -- Summary Dobos'!B$3) -> 8 | C15: =COUNTIFS('old -- All injections Dobos'!$C$2:$C$3002,'old -- Summary Dobos'!$A15,'old -- All injections Dobos'!$B$2:$B$3002,'old -- Summary Dobos'!C$3) -> 0 | D15: =COUNTIFS('old -- All injections Dobos'!$C$2:$C$3002,'old -- Summary Dobos'!$A15,'old -- All injections Dobos'!$B$2:$B$3002,'old -- Summary Dobos'!D$3) -> 0 | E15: =COUNTIFS('old -- All injections Dobos'!$C$2:$C$3002,'old -- Summary Dobos'!$A15,'old -- All injections Dobos'!$B$2:$B$3002,'old -- Summary Dobos'!E$3) -> 0 | F15: =SUM(C15:E15) -> 0 | H15: =IF(COUNTA(Stats!G15)=1,Stats!G15,"") -> BAC_Scnn1a/cre(Tg3Aibs)
A16: =IF(COUNTA(Stats!E31)=1,Stats!E31,"") -> Vírus teszt | B16: =COUNTIFS('old -- All injections Dobos'!$C$2:$C$3002,'old -- Summary Dobos'!$A16,'old -- All injections Dobos'!$B$2:$B$3002,'old -- Summary Dobos'!B$3) -> 6 | C16: =COUNTIFS('old -- All injections Dobos'!$C$2:$C$3002,'old -- Summary Dobos'!$A16,'old -- All injections Dobos'!$B$2:$B$3002,'old -- Summary Dobos'!C$3) -> 0 | D16: =COUNTIFS('old -- All injections Dobos'!$C$2:$C$3002,'old -- Summary Dobos'!$A16,'old -- All injections Dobos'!$B$2:$B$3002,'old -- Summary Dobos'!D$3) -> 0 | E16: =COUNTIFS('old -- All injections Dobos'!$C$2:$C$3002,'old -- Summary Dobos'!$A16,'old -- All injections Dobos'!$B$2:$B$3002,'old -- Summary Dobos'!E$3) -> 0 | F16: =SUM(C16:E16) -> 0 | H16: SUM | I16: =SUM(I4:I14) -> 1006
A17: =IF(COUNTA(Stats!E32)=1,Stats!E32,"") -> VSD | B17: =COUNTIFS('old -- All injections Dobos'!$C$2:$C$3002,'old -- Summary Dobos'!$A17,'old -- All injections Dobos'!$B$2:$B$3002,'old -- Summary Dobos'!B$3) -> 140 | C17: =COUNTIFS('old -- All injections Dobos'!$C$2:$C$3002,'old -- Summary Dobos'!$A17,'old -- All injections Dobos'!$B$2:$B$3002,'old -- Summary Dobos'!C$3) -> 0 | D17: =COUNTIFS('old -- All injections Dobos'!$C$2:$C$3002,'old -- Summary Dobos'!$A17,'old -- All injections Dobos'!$B$2:$B$3002,'old -- Summary Dobos'!D$3) -> 0 | E17: =COUNTIFS('old -- All injections Dobos'!$C$2:$C$3002,'old -- Summary Dobos'!$A17,'old -- All injections Dobos'!$B$2:$B$3002,'old -- Summary Dobos'!E$3) -> 0 | F17: =SUM(C17:E17) -> 0
A18: =IF(COUNTA(Stats!E33)=1,Stats!E33,"") -> VIP | B18: =COUNTIFS('old -- All injections Dobos'!$C$2:$C$3002,'old -- Summary Dobos'!$A18,'old -- All injections Dobos'!$B$2:$B$3002,'old -- Summary Dobos'!B$3) -> 108 | C18: =COUNTIFS('old -- All injections Dobos'!$C$2:$C$3002,'old -- Summary Dobos'!$A18,'old -- All injections Dobos'!$B$2:$B$3002,'old -- Summary Dobos'!C$3) -> 0 | D18: =COUNTIFS('old -- All injections Dobos'!$C$2:$C$3002,'old -- Summary Dobos'!$A18,'old -- All injections Dobos'!$B$2:$B$3002,'old -- Summary Dobos'!D$3) -> 0 | E18: =COUNTIFS('old -- All injections Dobos'!$C$2:$C$3002,'old -- Summary Dobos'!$A18,'old -- All injections Dobos'!$B$2:$B$3002,'old -- Summary Dobos'!E$3) -> 0 | F18: =SUM(C18:E18) -> 0
B19: =COUNTIFS('old -- All injections Dobos'!$C$2:$C$3002,'old -- Summary Dobos'!$A19,'old -- All injections Dobos'!$B$2:$B$3002,'old -- Summary Dobos'!B$3) -> 0 | C19: =COUNTIFS('old -- All injections Dobos'!$C$2:$C$3002,'old -- Summary Dobos'!$A19,'old -- All injections Dobos'!$B$2:$B$3002,'old -- Summary Dobos'!C$3) -> 0 | D19: =COUNTIFS('old -- All injections Dobos'!$C$2:$C$3002,'old -- Summary Dobos'!$A19,'old -- All injections Dobos'!$B$2:$B$3002,'old -- Summary Dobos'!D$3) -> 0 | E19: =COUNTIFS('old -- All injections Dobos'!$C$2:$C$3002,'old -- Summary Dobos'!$A19,'old -- All injections Dobos'!$B$2:$B$3002,'old -- Summary Dobos'!E$3) -> 0 | F19: =SUM(C19:E19) -> 0
B20: =COUNTIFS('old -- All injections Dobos'!$C$2:$C$3002,'old -- Summary Dobos'!$A20,'old -- All injections Dobos'!$B$2:$B$3002,'old -- Summary Dobos'!B$3) -> 0 | C20: =COUNTIFS('old -- All injections Dobos'!$C$2:$C$3002,'old -- Summary Dobos'!$A20,'old -- All injections Dobos'!$B$2:$B$3002,'old -- Summary Dobos'!C$3) -> 0 | D20: =COUNTIFS('old -- All injections Dobos'!$C$2:$C$3002,'old -- Summary Dobos'!$A20,'old -- All injections Dobos'!$B$2:$B$3002,'old -- Summary Dobos'!D$3) -> 0 | E20: =COUNTIFS('old -- All injections Dobos'!$C$2:$C$3002,'old -- Summary Dobos'!$A20,'old -- All injections Dobos'!$B$2:$B$3002,'old -- Summary Dobos'!E$3) -> 0 | F20: =SUM(C20:E20) -> 0
A21: SUM | B21: =SUM(B4:B20) -> 1374 | C21: =SUM(C4:C20) -> 0 | D21: =SUM(D4:D20) -> 0 | E21: =SUM(E4:E20) -> 0 | F21: =SUM(F4:F20) -> 0
A22: =IF(COUNTA(Stats!E43)=1,Stats!E43,"")

Sheet Color coding
B3: in group/project
B4: bad checkup, not needed (only if checked at least twice)
B5: to be terminated
B6: terminated | G6: 0.4
B7: to be checked
B16: nézzünk vmi élénk színt a csoportos egerekre

Sheet Stats
A1: Data validation | L1: Injection summary by date | AD1: Injection summary by date
A3: Names | B3: AC - Abhrajyoti Chakrabarti | C3: =COUNTIF('old -- All injections Dobos'!$H$2:$H$3002,B3) -> 41 | E3: State | G3: Mouse lines | I3: Vectores | L3: Sorcímkék | M3: Mennyiség / Injection Date | N3: Date | O3: Month | P3: DB | Q3: DAY | R3: SUM | T3: All injections | W3: All | AD3: Sorcímkék | AE3: Mennyiség / Injection Date | AF3: Date | AG3: Month | AH3: DB | AI3: DAY | AJ3: SUM | AL3: All injections | AO3: All
B4: AP - Andrius Plauska | C4: =COUNTIF('old -- All injections Dobos'!$H$2:$H$3002,B4) -> 0 | E4: Injected | G4: BAC-pva/gfp | I4: FLP-YFP | L4: 43028 | M4: 2 | N4: =L4 -> 43028 | O4: =DATE(YEAR(N4),MONTH(N4),1) -> 43009 | P4: =M4 -> 2 | Q4: =N4-$N$4 -> 0 | R4: =M4 -> 2 | T4: by name | U4: by date | W4: day | X4: injection | Y4: ratio | AD4: - | AE4: 6 | AF4: =AD4 -> - | AL4: by name | AM4: by date | AO4: day | AP4: injection | AQ4: ratio
B5: BA - Burucs András | C5: =COUNTIF('old -- All injections Dobos'!$H$2:$H$3002,B5) -> 0 | E5: Check-up | G5: C57Bl/6J | I5: NaCl | L5: 43031 | M5: 1 | N5: =L5 -> 43031 | O5: =DATE(YEAR(N5),MONTH(N5),1) -> 43009 | P5: =M5 -> 1 | Q5: =N5-$N$4 -> 3 | R5: =R4+M5 -> 3 | T5: =SUM(C3:C50) -> 1306 | U5: =R297 -> 1007 | W5: =Q452*5/7 -> 1842.1429 | X5: =R452 -> 1465 | Y5: =X5/W5 -> 0.79526948 | AD5: 45687 | AE5: 4 | AF5: =AD5 -> 45687 | AL5: =SUM(AE3:AE50) -> 144 | AM5: =AJ297 -> 0 | AO5: =AI63*5/7 -> 121.42857 | AP5: =AJ63 -> 142 | AQ5: =AP5/AO5 -> 1.1694118
B6: BE - Báthory Eszter | C6: =COUNTIF('old -- All injections Dobos'!$H$2:$H$3002,B6) -> 0 | E6: Experiment | G6: C57Bl6/NTac | I6: =IF(COUNTA('[1]Virus production'!A2)=1,('[1]Virus production'!A2),"") -> AG1 | L6: 43035 | M6: 2 | N6: =L6 -> 43035 | O6: =DATE(YEAR(N6),MONTH(N6),1) -> 43009 | P6: =M6 -> 2 | Q6: =N6-$N$4 -> 7 | R6: =R5+M6 -> 5 | AD6: 45688 | AE6: 11 | AF6: =AD6 -> 45688
B7: BSA - Bautista Soldevila Áron | C7: =COUNTIF('old -- All injections Dobos'!$H$2:$H$3002,B7) -> 0 | E7: Death | G7: FVB/Ant | I7: =IF(COUNTA('[1]Virus production'!A3)=1,('[1]Virus production'!A3),"") -> AG2 | L7: 43039 | M7: 1 | N7: =L7 -> 43039 | O7: =DATE(YEAR(N7),MONTH(N7),1) -> 43009 | P7: =M7 -> 1 | Q7: =N7-$N$4 -> 11 | R7: =R6+M7 -> 6 | AD7: 45718 | AE7: 6 | AF7: =AD7 -> 45718
B8: CB - Chiovini Balázs | C8: =COUNTIF('old -- All injections Dobos'!$H$2:$H$3002,B8) -> 0 | G8: PV-FLP | I8: =IF(COUNTA('[1]Virus production'!A4)=1,('[1]Virus production'!A4),"") -> AG3 | L8: 43040 | M8: 2 | N8: =L8 -> 43040 | O8: =DATE(YEAR(N8),MONTH(N8),1) -> 43040 | P8: =M8 -> 2 | Q8: =N8-$N$4 -> 12 | R8: =R7+M8 -> 8 | AD8: 45720 | AE8: 5 | AF8: =AD8 -> 45720
B9: FF - Fedor Flóra | C9: =COUNTIF('old -- All injections Dobos'!$H$2:$H$3002,B9) -> 0 | G9: TG_GCaMP6s_DA | I9: =IF(COUNTA('[1]Virus production'!A5)=1,('[1]Virus production'!A5),"") -> AG4 | L9: 43041 | M9: 2 | N9: =L9 -> 43041 | O9: =DATE(YEAR(N9),MONTH(N9),1) -> 43040 | P9: =M9 -> 2 | Q9: =N9-$N$4 -> 13 | R9: =R8+M9 -> 10 | AD9: 45721 | AE9: 4 | AF9: =AD9 -> 45721
B10: HM - Horvát Melinda | C10: =COUNTIF('old -- All injections Dobos'!$H$2:$H$3002,B10) -> 15 | E10: Categories | G10: TG_GCaMP6F(82) | I10: =IF(COUNTA('[1]Virus production'!A6)=1,('[1]Virus production'!A6),"") -> AG5 | L10: 43047 | M10: 10 | N10: =L10 -> 43047 | O10: =DATE(YEAR(N10),MONTH(N10),1) -> 43040 | P10: =M10 -> 10 | Q10: =N10-$N$4 -> 19 | R10: =R9+M10 -> 20 | AD10: 45723 | AE10: 4 | AF10: =AD10 -> 45723 | AG10: Month | AH10: DB
B11: JA - Jász Anna | C11: =COUNTIF('old -- All injections Dobos'!$H$2:$H$3002,B11) -> 6 | E11: To define | G11: TG82 | I11: =IF(COUNTA('[1]Virus production'!A7)=1,('[1]Virus production'!A7),"") -> AG6 | L11: 43048 | M11: 6 | N11: =L11 -> 43048 | O11: =DATE(YEAR(N11),MONTH(N11),1) -> 43040 | P11: =M11 -> 6 | Q11: =N11-$N$4 -> 20 | R11: =R10+M11 -> 26 | AD11: 45812 | AE11: 4 | AF11: =AD11 -> 45812 | AG11: =DATE(YEAR(AF11),MONTH(AF11),1) -> 45809 | AH11: =AE11 -> 4 | AI11: =AF11-$AF$11 -> 0 | AJ11: =AJ10+AE11 -> 4
B12: JE - Jámbor Évi | C12: =COUNTIF('old -- All injections Dobos'!$H$2:$H$3002,B12) -> 0 | E12: Imaging | G12: Thy1-Cre | I12: =IF(COUNTA('[1]Virus production'!A8)=1,('[1]Virus production'!A8),"") -> AG7 | L12: 43049 | M12: 4 | N12: =L12 -> 43049 | O12: =DATE(YEAR(N12),MONTH(N12),1) -> 43040 | P12: =M12 -> 4 | Q12: =N12-$N$4 -> 21 | R12: =R11+M12 -> 30 | AD12: 45813 | AE12: 4 | AF12: =AD12 -> 45813 | AG12: =DATE(YEAR(AF12),MONTH(AF12),1) -> 45809 | AH12: =AE12 -> 4 | AI12: =AF12-$AF$11 -> 1 | AJ12: =AJ11+AE12 -> 8
B13: BSA - Bautista Soldevila Áron | C13: =COUNTIF('old -- All injections Dobos'!$H$2:$H$3002,B13) -> 0 | E13: Behavior | G13: VIP-cre | I13: =IF(COUNTA('[1]Virus production'!A9)=1,('[1]Virus production'!A9),"") -> AG8 | L13: 43052 | M13: 3 | N13: =L13 -> 43052 | O13: =DATE(YEAR(N13),MONTH(N13),1) -> 43040 | P13: =M13 -> 3 | Q13: =N13-$N$4 -> 24 | R13: =R12+M13 -> 33 | AD13: 45814 | AE13: 6 | AF13: =AD13 -> 45814 | AG13: =DATE(YEAR(AF13),MONTH(AF13),1) -> 45809 | AH13: =AE13 -> 6 | AI13: =AF13-$AF$11 -> 2 | AJ13: =AJ12+AE13 -> 14
B14: JL - Sulcz Judák Linda | C14: =COUNTIF('old -- All injections Dobos'!$H$2:$H$3002,B14) -> 19 | E14: Culling | G14: Rbp4-Cre | I14: =IF(COUNTA('[1]Virus production'!A10)=1,('[1]Virus production'!A10),"") -> AG9 | L14: 43063 | M14: 5 | N14: =L14 -> 43063 | O14: =DATE(YEAR(N14),MONTH(N14),1) -> 43040 | P14: =M14 -> 5 | Q14: =N14-$N$4 -> 35 | R14: =R13+M14 -> 38 | AD14: 45818 | AE14: 2 | AF14: =AD14 -> 45818 | AG14: =DATE(YEAR(AF14),MONTH(AF14),1) -> 45809 | AH14: =AE14 -> 2 | AI14: =AF14-$AF$11 -> 6 | AJ14: =AJ13+AE14 -> 16
B15: KB - Kertész Borbála | C15: =COUNTIF('old -- All injections Dobos'!$H$2:$H$3002,B15) -> 0 | E15: Anatomy | G15: BAC_Scnn1a/cre(Tg3Aibs) | I15: =IF(COUNTA('[1]Virus production'!A11)=1,('[1]Virus production'!A11),"") -> AG10 | L15: 43074 | M15: 5 | N15: =L15 -> 43074 | O15: =DATE(YEAR(N15),MONTH(N15),1) -> 43070 | P15: =M15 -> 5 | Q15: =N15-$N$4 -> 46 | R15: =R14+M15 -> 43 | AD15: 45819 | AE15: 2 | AF15: =AD15 -> 45819 | AG15: =DATE(YEAR(AF15),MONTH(AF15),1) -> 45809 | AH15: =AE15 -> 2 | AI15: =AF15-$AF$11 -> 7 | AJ15: =AJ14+AE15 -> 18
B16: KB - Kocsis Bálint | C16: =COUNTIF('old -- All injections Dobos'!$H$2:$H$3002,B16) -> 13 | G16: som/IRES_Cre | I16: =IF(COUNTA('[1]Virus production'!A12)=1,('[1]Virus production'!A12),"") -> AG11 | L16: 43077 | M16: 7 | N16: =L16 -> 43077 | O16: =DATE(YEAR(N16),MONTH(N16),1) -> 43070 | P16: =M16 -> 7 | Q16: =N16-$N$4 -> 49 | R16: =R15+M16 -> 50 | AD16: 45820 | AE16: 3 | AF16: =AD16 -> 45820 | AG16: =DATE(YEAR(AF16),MONTH(AF16),1) -> 45809 | AH16: =AE16 -> 3 | AI16: =AF16-$AF$11 -> 8 | AJ16: =AJ15+AE16 -> 21
B17: KN - Keserű Norbi | C17: =COUNTIF('old -- All injections Dobos'!$H$2:$H$3002,B17) -> 4 | G17: pva/IRES_cre | I17: =IF(COUNTA('[1]Virus production'!A13)=1,('[1]Virus production'!A13),"") -> AG12 | L17: 43078 | M17: 2 | N17: =L17 -> 43078 | O17: =DATE(YEAR(N17),MONTH(N17),1) -> 43070 | P17: =M17 -> 2 | Q17: =N17-$N$4 -> 50 | R17: =R16+M17 -> 52 | AD17: 45826 | AE17: 4 | AF17: =AD17 -> 45826 | AG17: =DATE(YEAR(AF17),MONTH(AF17),1) -> 45809 | AH17: =AE17 -> 4 | AI17: =AF17-$AF$11 -> 14 | AJ17: =AJ16+AE17 -> 25
B18: KO - Karácsony Orsi | C18: =COUNTIF('old -- All injections Dobos'!$H$2:$H$3002,B18) -> 0 | E18: Projects | G18: VIP/IRES_CRE//BAC_CRE | I18: =IF(COUNTA('[1]Virus production'!A14)=1,('[1]Virus production'!A14),"") -> AG13 | L18: 43091 | M18: 3 | N18: =L18 -> 43091 | O18: =DATE(YEAR(N18),MONTH(N18),1) -> 43070 | P18: =M18 -> 3 | Q18: =N18-$N$4 -> 63 | R18: =R17+M18 -> 55 | AD18: 45827 | AE18: 2 | AF18: =AD18 -> 45827 | AG18: =DATE(YEAR(AF18),MONTH(AF18),1) -> 45809 | AH18: =AE18 -> 2 | AI18: =AF18-$AF$11 -> 15 | AJ18: =AJ17+AE18 -> 27
B19: KP - Kovács Péter | C19: =COUNTIF('old -- All injections Dobos'!$H$2:$H$3002,B19) -> 0 | E19: Freely moving | I19: =IF(COUNTA('[1]Virus production'!A15)=1,('[1]Virus production'!A15),"") -> AG14 | L19: 43094 | M19: 6 | N19: =L19 -> 43094 | O19: =DATE(YEAR(N19),MONTH(N19),1) -> 43070 | P19: =M19 -> 6 | Q19: =N19-$N$4 -> 66 | R19: =R18+M19 -> 61 | AD19: 45828 | AE19: 1 | AF19: =AD19 -> 45828 | AG19: =DATE(YEAR(AF19),MONTH(AF19),1) -> 45809 | AH19: =AE19 -> 1 | AI19: =AF19-$AF$11 -> 16 | AJ19: =AJ18+AE19 -> 28
B20: KR - Kiss Rita | C20: =COUNTIF('old -- All injections Dobos'!$H$2:$H$3002,B20) -> 1 | E20: ASO | I20: =IF(COUNTA('[1]Virus production'!A16)=1,('[1]Virus production'!A16),"") -> AG15 | L20: 43098 | M20: 7 | N20: =L20 -> 43098 | O20: =DATE(YEAR(N20),MONTH(N20),1) -> 43070 | P20: =M20 -> 7 | Q20: =N20-$N$4 -> 70 | R20: =R19+M20 -> 68 | AD20: 45833 | AE20: 1 | AF20: =AD20 -> 45833 | AG20: =DATE(YEAR(AF20),MONTH(AF20),1) -> 45809 | AH20: =AE20 -> 1 | AI20: =AF20-$AF$11 -> 21 | AJ20: =AJ19+AE20 -> 29
B21: KT - Kovács Trixi | C21: =COUNTIF('old -- All injections Dobos'!$H$2:$H$3002,B21) -> 0 | E21: Collaboration | G21: Drop out | I21: =IF(COUNTA('[1]Virus production'!A17)=1,('[1]Virus production'!A17),"") -> AG16 | L21: 43111 | M21: 4 | N21: =L21 -> 43111 | O21: =DATE(YEAR(N21),MONTH(N21),1) -> 43101 | P21: =M21 -> 4 | Q21: =N21-$N$4 -> 83 | R21: =R20+M21 -> 72 | AD21: 45835 | AE21: 1 | AF21: =AD21 -> 45835 | AG21: =DATE(YEAR(AF21),MONTH(AF21),1) -> 45809 | AH21: =AE21 -> 1 | AI21: =AF21-$AF$11 -> 23 | AJ21: =AJ20+AE21 -> 30
B22: LT - Lőrincz Tibor | C22: =COUNTIF('old -- All injections Dobos'!$H$2:$H$3002,B22) -> 0 | E22: Columna | G22: death (during surgery) | I22: =IF(COUNTA('[1]Virus production'!A18)=1,('[1]Virus production'!A18),"") -> AG17 | L22: 43122 | M22: 6 | N22: =L22 -> 43122 | O22: =DATE(YEAR(N22),MONTH(N22),1) -> 43101 | P22: =M22 -> 6 | Q22: =N22-$N$4 -> 94 | R22: =R21+M22 -> 78 | AD22: 45836 | AE22: 2 | AF22: =AD22 -> 45836 | AG22: =DATE(YEAR(AF22),MONTH(AF22),1) -> 45809 | AH22: =AE22 -> 2 | AI22: =AF22-$AF$11 -> 24 | AJ22: =AJ21+AE22 -> 32
B23: MA - Matucsák Anett | C23: =COUNTIF('old -- All injections Dobos'!$H$2:$H$3002,B23) -> 0 | E23: MS23 | G23: death (agression) | I23: =IF(COUNTA('[1]Virus production'!A19)=1,('[1]Virus production'!A19),"") -> AG18 | L23: 43123 | M23: 3 | N23: =L23 -> 43123 | O23: =DATE(YEAR(N23),MONTH(N23),1) -> 43101 | P23: =M23 -> 3 | Q23: =N23-$N$4 -> 95 | R23: =R22+M23 -> 81 | AD23: 45837 | AE23: 2 | AF23: =AD23 -> 45837 | AG23: =DATE(YEAR(AF23),MONTH(AF23),1) -> 45809 | AH23: =AE23 -> 2 | AI23: =AF23-$AF$11 -> 25 | AJ23: =AJ22+AE23 -> 34
B24: MA - Mihály Anna | C24: =COUNTIF('old -- All injections Dobos'!$H$2:$H$3002,B24) -> 58 | E24: MS71 | G24: death (sickness) | I24: =IF(COUNTA('[1]Virus production'!A20)=1,('[1]Virus production'!A20),"") -> AG19 | L24: 43124 | M24: 6 | N24: =L24 -> 43124 | O24: =DATE(YEAR(N24),MONTH(N24),1) -> 43101 | P24: =M24 -> 6 | Q24: =N24-$N$4 -> 96 | R24: =R23+M24 -> 87 | AD24: 45838 | AE24: 2 | AF24: =AD24 -> 45838 | AG24: =DATE(YEAR(AF24),MONTH(AF24),1) -> 45809 | AH24: =AE24 -> 2 | AI24: =AF24-$AF$11 -> 26 | AJ24: =AJ23+AE24 -> 36
B25: MG - Murányi Gábor | C25: =COUNTIF('old -- All injections Dobos'!$H$2:$H$3002,B25) -> 0 | E25: Moculus | G25: death (other) | I25: =IF(COUNTA('[1]Virus production'!A21)=1,('[1]Virus production'!A21),"") -> AG20 | L25: 43126 | M25: 7 | N25: =L25 -> 43126 | O25: =DATE(YEAR(N25),MONTH(N25),1) -> 43101 | P25: =M25 -> 7 | Q25: =N25-$N$4 -> 98 | R25: =R24+M25 -> 94 | AD25: 45839 | AE25: 3 | AF25: =AD25 -> 45839 | AG25: =DATE(YEAR(AF25),MONTH(AF25),1) -> 45839 | AH25: =AE25 -> 3 | AI25: =AF25-$AF$11 -> 27 | AJ25: =AJ24+AE25 -> 39
B26: MM - Madarász Miklós | C26: =COUNTIF('old -- All injections Dobos'!$H$2:$H$3002,B26) -> 0 | E26: Multilayer | G26: humane endpoint | I26: =IF(COUNTA('[1]Virus production'!A22)=1,('[1]Virus production'!A22),"") -> AG21 | L26: 43131 | M26: 7 | N26: =L26 -> 43131 | O26: =DATE(YEAR(N26),MONTH(N26),1) -> 43101 | P26: =M26 -> 7 | Q26: =N26-$N$4 -> 103 | R26: =R25+M26 -> 101 | AD26: 45840 | AE26: 3 | AF26: =AD26 -> 45840 | AG26: =DATE(YEAR(AF26),MONTH(AF26),1) -> 45839 | AH26: =AE26 -> 3 | AI26: =AF26-$AF$11 -> 28 | AJ26: =AJ25+AE26 -> 42
B27: LN-lenkey Nóra | C27: =COUNTIF('old -- All injections Dobos'!$H$2:$H$3002,#REF!) -> 0 | E27: Photostim | G27: anatomical test | I27: =IF(COUNTA('[1]Virus production'!A23)=1,('[1]Virus production'!A23),"") -> AG22 | L27: 43133 | M27: 3 | N27: =L27 -> 43133 | O27: =DATE(YEAR(N27),MONTH(N27),1) -> 43132 | P27: =M27 -> 3 | Q27: =N27-$N$4 -> 105 | R27: =R26+M27 -> 104 | AD27: 45841 | AE27: 2 | AF27: =AD27 -> 45841 | AG27: =DATE(YEAR(AF27),MONTH(AF27),1) -> 45839 | AH27: =AE27 -> 2 | AI27: =AF27-$AF$11 -> 29 | AJ27: =AJ26+AE27 -> 44
B28: SA - Szepesi Áron | C28: =COUNTIF('old -- All injections Dobos'!$H$2:$H$3002,B28) -> 0 | E28: Spectral demixing | G28: death (lost headplate) | I28: =IF(COUNTA('[1]Virus production'!A24)=1,('[1]Virus production'!A24),"") -> AG23 | L28: 43139 | M28: 3 | N28: =L28 -> 43139 | O28: =DATE(YEAR(N28),MONTH(N28),1) -> 43132 | P28: =M28 -> 3 | Q28: =N28-$N$4 -> 111 | R28: =R27+M28 -> 107 | AD28: 45842 | AE28: 3 | AF28: =AD28 -> 45842 | AG28: =DATE(YEAR(AF28),MONTH(AF28),1) -> 45839 | AH28: =AE28 -> 3 | AI28: =AF28-$AF$11 -> 30 | AJ28: =AJ27+AE28 -> 47
B29: SAA - Soós András Áron | C29: =COUNTIF('old -- All injections Dobos'!$H$2:$H$3002,B29) -> 30 | E29: Treadmill | I29: =IF(COUNTA('[1]Virus production'!A25)=1,('[1]Virus production'!A25),"") -> AG24 | L29: 43140 | M29: 3 | N29: =L29 -> 43140 | O29: =DATE(YEAR(N29),MONTH(N29),1) -> 43132 | P29: =M29 -> 3 | Q29: =N29-$N$4 -> 112 | R29: =R28+M29 -> 110 | AD29: 45846 | AE29: 4 | AF29: =AD29 -> 45846 | AG29: =DATE(YEAR(AF29),MONTH(AF29),1) -> 45839 | AH29: =AE29 -> 4 | AI29: =AF29-$AF$11 -> 34 | AJ29: =AJ28+AE29 -> 51
B30: SB - Szmola Benedek | C30: =COUNTIF('old -- All injections Dobos'!$H$2:$H$3002,B30) -> 0 | E30: Uncage | I30: =IF(COUNTA('[1]Virus production'!A26)=1,('[1]Virus production'!A26),"") -> AG25 | L30: 43144 | M30: 8 | N30: =L30 -> 43144 | O30: =DATE(YEAR(N30),MONTH(N30),1) -> 43132 | P30: =M30 -> 8 | Q30: =N30-$N$4 -> 116 | R30: =R29+M30 -> 118 | AD30: 45847 | AE30: 1 | AF30: =AD30 -> 45847 | AG30: =DATE(YEAR(AF30),MONTH(AF30),1) -> 45839 | AH30: =AE30 -> 1 | AI30: =AF30-$AF$11 -> 35 | AJ30: =AJ29+AE30 -> 52
B31: SG - Szalay Gergely | C31: =COUNTIF('old -- All injections Dobos'!$H$2:$H$3002,B31) -> 267 | E31: Vírus teszt | I31: =IF(COUNTA('[1]Virus production'!A27)=1,('[1]Virus production'!A27),"") -> AG26 | L31: 43147 | M31: 7 | N31: =L31 -> 43147 | O31: =DATE(YEAR(N31),MONTH(N31),1) -> 43132 | P31: =M31 -> 7 | Q31: =N31-$N$4 -> 119 | R31: =R30+M31 -> 125 | AD31: 45848 | AE31: 3 | AF31: =AD31 -> 45848 | AG31: =DATE(YEAR(AF31),MONTH(AF31),1) -> 45839 | AH31: =AE31 -> 3 | AI31: =AF31-$AF$11 -> 36 | AJ31: =AJ30+AE31 -> 55
B32: SH - Szebik Huba | C32: =COUNTIF('old -- All injections Dobos'!$H$2:$H$3002,B32) -> 18 | E32: VSD | I32: =IF(COUNTA('[1]Virus production'!A28)=1,('[1]Virus production'!A28),"") -> AG27 | L32: 43157 | M32: 3 | N32: =L32 -> 43157 | O32: =DATE(YEAR(N32),MONTH(N32),1) -> 43132 | P32: =M32 -> 3 | Q32: =N32-$N$4 -> 129 | R32: =R31+M32 -> 128 | AD32: 45849 | AE32: 3 | AF32: =AD32 -> 45849 | AG32: =DATE(YEAR(AF32),MONTH(AF32),1) -> 45839 | AH32: =AE32 -> 3 | AI32: =AF32-$AF$11 -> 37 | AJ32: =AJ31+AE32 -> 58
B33: SV - Szegedi Viki | C33: =COUNTIF('old -- All injections Dobos'!$H$2:$H$3002,B33) -> 0 | E33: VIP | I33: =IF(COUNTA('[1]Virus production'!A29)=1,('[1]Virus production'!A29),"") -> AG28 | L33: 43158 | M33: 5 | N33: =L33 -> 43158 | O33: =DATE(YEAR(N33),MONTH(N33),1) -> 43132 | P33: =M33 -> 5 | Q33: =N33-$N$4 -> 130 | R33: =R32+M33 -> 133 | AD33: 45852 | AE33: 1 | AF33: =AD33 -> 45852 | AG33: =DATE(YEAR(AF33),MONTH(AF33),1) -> 45839 | AH33: =AE33 -> 1 | AI33: =AF33-$AF$11 -> 40 | AJ33: =AJ32+AE33 -> 59
B34: SZ - Szadai Zoltán | C34: =COUNTIF('old -- All injections Dobos'!$H$2:$H$3002,B34) -> 5 | E34: Glutamate sensor | I34: =IF(COUNTA('[1]Virus production'!A30)=1,('[1]Virus production'!A30),"") -> AG29 | L34: 43160 | M34: 3 | N34: =L34 -> 43160 | O34: =DATE(YEAR(N34),MONTH(N34),1) -> 43160 | P34: =M34 -> 3 | Q34: =N34-$N$4 -> 132 | R34: =R33+M34 -> 136 | AD34: 45853 | AE34: 1 | AF34: =AD34 -> 45853 | AG34: =DATE(YEAR(AF34),MONTH(AF34),1) -> 45839 | AH34: =AE34 -> 1 | AI34: =AF34-$AF$11 -> 41 | AJ34: =AJ33+AE34 -> 60
B35: SzV - Szigethy Virág | C35: =COUNTIF('old -- All injections Dobos'!$H$2:$H$3002,B35) -> 0 | E35: Epilepsy | I35: =IF(COUNTA('[1]Virus production'!A31)=1,('[1]Virus production'!A31),"") -> AG30 | L35: 43175 | M35: 3 | N35: =L35 -> 43175 | O35: =DATE(YEAR(N35),MONTH(N35),1) -> 43160 | P35: =M35 -> 3 | Q35: =N35-$N$4 -> 147 | R35: =R34+M35 -> 139 | AD35: 45855 | AE35: 2 | AF35: =AD35 -> 45855 | AG35: =DATE(YEAR(AF35),MONTH(AF35),1) -> 45839 | AH35: =AE35 -> 2 | AI35: =AF35-$AF$11 -> 43 | AJ35: =AJ34+AE35 -> 62
B36: TB - Tarján Balázs | C36: =COUNTIF('old -- All injections Dobos'!$H$2:$H$3002,B36) -> 4 | E36: Other | I36: =IF(COUNTA('[1]Virus production'!A32)=1,('[1]Virus production'!A32),"") -> AG31 | L36: 43178 | M36: 4 | N36: =L36 -> 43178 | O36: =DATE(YEAR(N36),MONTH(N36),1) -> 43160 | P36: =M36 -> 4 | Q36: =N36-$N$4 -> 150 | R36: =R35+M36 -> 143 | AD36: 45856 | AE36: 2 | AF36: =AD36 -> 45856 | AG36: =DATE(YEAR(AF36),MONTH(AF36),1) -> 45839 | AH36: =AE36 -> 2 | AI36: =AF36-$AF$11 -> 44 | AJ36: =AJ35+AE36 -> 64
B37: TI - Takács István | C37: =COUNTIF('old -- All injections Dobos'!$H$2:$H$3002,B37) -> 0 | I37: =IF(COUNTA('[1]Virus production'!A33)=1,('[1]Virus production'!A33),"") -> AG32 | L37: 43192 | M37: 2 | N37: =L37 -> 43192 | O37: =DATE(YEAR(N37),MONTH(N37),1) -> 43191 | P37: =M37 -> 2 | Q37: =N37-$N$4 -> 164 | R37: =R36+M37 -> 145 | AD37: 45857 | AE37: 3 | AF37: =AD37 -> 45857 | AG37: =DATE(YEAR(AF37),MONTH(AF37),1) -> 45839 | AH37: =AE37 -> 3 | AI37: =AF37-$AF$11 -> 45 | AJ37: =AJ36+AE37 -> 67
B38: VA - Vanco Anna | C38: =COUNTIF('old -- All injections Dobos'!$H$2:$H$3002,B38) -> 0 | E38: Project approval number | I38: =IF(COUNTA('[1]Virus production'!A34)=1,('[1]Virus production'!A34),"") -> AG33 | L38: 43194 | M38: 1 | N38: =L38 -> 43194 | O38: =DATE(YEAR(N38),MONTH(N38),1) -> 43191 | P38: =M38 -> 1 | Q38: =N38-$N$4 -> 166 | R38: =R37+M38 -> 146 | AD38: 45858 | AE38: 3 | AF38: =AD38 -> 45858 | AG38: =DATE(YEAR(AF38),MONTH(AF38),1) -> 45839 | AH38: =AE38 -> 3 | AI38: =AF38-$AF$11 -> 46 | AJ38: =AJ37+AE38 -> 70
B39: VK - Varada Karankot | C39: =COUNTIF('old -- All injections Dobos'!$H$2:$H$3002,B39) -> 34 | E39: PE/EA/00329-6/2025 | I39: =IF(COUNTA('[1]Virus production'!A35)=1,('[1]Virus production'!A35),"") -> AG34 | L39: 43195 | M39: 1 | N39: =L39 -> 43195 | O39: =DATE(YEAR(N39),MONTH(N39),1) -> 43191 | P39: =M39 -> 1 | Q39: =N39-$N$4 -> 167 | R39: =R38+M39 -> 147 | AD39: 45859 | AE39: 2 | AF39: =AD39 -> 45859 | AG39: =DATE(YEAR(AF39),MONTH(AF39),1) -> 45839 | AH39: =AE39 -> 2 | AI39: =AF39-$AF$11 -> 47 | AJ39: =AJ38+AE39 -> 72
B40: WK - Wéber Katalin | C40: =COUNTIF('old -- All injections Dobos'!$H$2:$H$3002,B40) -> 99 | I40: =IF(COUNTA('[1]Virus production'!A36)=1,('[1]Virus production'!A36),"") -> AG35? | L40: 43200 | M40: 4 | N40: =L40 -> 43200 | O40: =DATE(YEAR(N40),MONTH(N40),1) -> 43191 | P40: =M40 -> 4 | Q40: =N40-$N$4 -> 172 | R40: =R39+M40 -> 151 | AD40: 45860 | AE40: 7 | AF40: =AD40 -> 45860 | AG40: =DATE(YEAR(AF40),MONTH(AF40),1) -> 45839 | AH40: =AE40 -> 7 | AI40: =AF40-$AF$11 -> 48 | AJ40: =AJ39+AE40 -> 79
C41: =COUNTIF('old -- All injections Dobos'!$H$2:$H$3002,B27) -> 0 | I41: =IF(COUNTA('[1]Virus production'!A37)=1,('[1]Virus production'!A37),"") -> AG36 | L41: 43202 | M41: 8 | N41: =L41 -> 43202 | O41: =DATE(YEAR(N41),MONTH(N41),1) -> 43191 | P41: =M41 -> 8 | Q41: =N41-$N$4 -> 174 | R41: =R40+M41 -> 159 | AD41: 45861 | AE41: 3 | AF41: =AD41 -> 45861 | AG41: =DATE(YEAR(AF41),MONTH(AF41),1) -> 45839 | AH41: =AE41 -> 3 | AI41: =AF41-$AF$11 -> 49 | AJ41: =AJ40+AE41 -> 82
A42: ASO | B42: KV - Kiss Viki | C42: =COUNTIF('old -- All injections Dobos'!$H$2:$H$3002,B42) -> 150 | I42: =IF(COUNTA('[1]Virus production'!A38)=1,('[1]Virus production'!A38),"") -> AG37 | L42: 43203 | M42: 2 | N42: =L42 -> 43203 | O42: =DATE(YEAR(N42),MONTH(N42),1) -> 43191 | P42: =M42 -> 2 | Q42: =N42-$N$4 -> 175 | R42: =R41+M42 -> 161 | AD42: 45902 | AE42: 1 | AF42: =AD42 -> 45902 | AG42: =DATE(YEAR(AF42),MONTH(AF42),1) -> 45901 | AH42: =AE42 -> 1 | AI42: =AF42-$AF$11 -> 90 | AJ42: =AJ41+AE42 -> 83
B43: TT - Tompa Tamás | C43: =COUNTIF('old -- All injections Dobos'!$H$2:$H$3002,B43) -> 90 | I43: =IF(COUNTA('[1]Virus production'!A39)=1,('[1]Virus production'!A39),"") -> AG38 | L43: 43204 | M43: 3 | N43: =L43 -> 43204 | O43: =DATE(YEAR(N43),MONTH(N43),1) -> 43191 | P43: =M43 -> 3 | Q43: =N43-$N$4 -> 176 | R43: =R42+M43 -> 164 | AD43: 45906 | AE43: 1 | AF43: =AD43 -> 45906 | AG43: =DATE(YEAR(AF43),MONTH(AF43),1) -> 45901 | AH43: =AE43 -> 1 | AI43: =AF43-$AF$11 -> 94 | AJ43: =AJ42+AE43 -> 84
A44: Alumni | B44: CC - Csupenyák Csaba | C44: =COUNTIF('old -- All injections Dobos'!$H$2:$H$3002,B44) -> 190 | I44: =IF(COUNTA('[1]Virus production'!A40)=1,('[1]Virus production'!A40),"") -> AG39 | L44: 43205 | M44: 3 | N44: =L44 -> 43205 | O44: =DATE(YEAR(N44),MONTH(N44),1) -> 43191 | P44: =M44 -> 3 | Q44: =N44-$N$4 -> 177 | R44: =R43+M44 -> 167 | AD44: 45909 | AE44: 2 | AF44: =AD44 -> 45909 | AG44: =DATE(YEAR(AF44),MONTH(AF44),1) -> 45901 | AH44: =AE44 -> 2 | AI44: =AF44-$AF$11 -> 97 | AJ44: =AJ43+AE44 -> 86
B45: LA - Lakosa Alina | C45: =COUNTIF('old -- All injections Dobos'!$H$2:$H$3002,B45) -> 13 | I45: =IF(COUNTA('[1]Virus production'!A41)=1,('[1]Virus production'!A41),"") -> AG40 | L45: 43206 | M45: 4 | N45: =L45 -> 43206 | O45: =DATE(YEAR(N45),MONTH(N45),1) -> 43191 | P45: =M45 -> 4 | Q45: =N45-$N$4 -> 178 | R45: =R44+M45 -> 171 | T45: Sorcímkék | U45: Összeg / DB | AD45: 45910 | AE45: 2 | AF45: =AD45 -> 45910 | AG45: =DATE(YEAR(AF45),MONTH(AF45),1) -> 45901 | AH45: =AE45 -> 2 | AI45: =AF45-$AF$11 -> 98 | AJ45: =AJ44+AE45 -> 88 | AL45: Sorcímkék | AM45: Összeg / DB
B46: GB - Gulyás Bettina | C46: =COUNTIF('old -- All injections Dobos'!$H$2:$H$3002,B46) -> 63 | E46: Sex | I46: =IF(COUNTA('[1]Virus production'!A42)=1,('[1]Virus production'!A42),"") -> AG41 | L46: 43208 | M46: 3 | N46: =L46 -> 43208 | O46: =DATE(YEAR(N46),MONTH(N46),1) -> 43191 | P46: =M46 -> 3 | Q46: =N46-$N$4 -> 180 | R46: =R45+M46 -> 174 | T46: #ÉRTÉK! | U46: 0 | AD46: 45912 | AE46: 1 | AF46: =AD46 -> 45912 | AG46: =DATE(YEAR(AF46),MONTH(AF46),1) -> 45901 | AH46: =AE46 -> 1 | AI46: =AF46-$AF$11 -> 100 | AJ46: =AJ45+AE46 -> 89 | AL46: jún | AM46: 36
B47: MM - Marosi Máté | C47: =COUNTIF('old -- All injections Dobos'!$H$2:$H$3002,B47) -> 108 | E47: Male ♂ | I47: =IF(COUNTA('[1]Virus production'!A43)=1,('[1]Virus production'!A43),"") -> AG42 | L47: 43210 | M47: 3 | N47: =L47 -> 43210 | O47: =DATE(YEAR(N47),MONTH(N47),1) -> 43191 | P47: =M47 -> 3 | Q47: =N47-$N$4 -> 182 | R47: =R46+M47 -> 177 | T47: 43009 | U47: 6 | V47: =T47 -> 43009 | W47: =U47 -> 6 | AD47: 45915 | AE47: 5 | AF47: =AD47 -> 45915 | AG47: =DATE(YEAR(AF47),MONTH(AF47),1) -> 45901 | AH47: =AE47 -> 5 | AI47: =AF47-$AF$11 -> 103 | AJ47: =AJ46+AE47 -> 94 | AL47: júl | AM47: 46
B48: ND - Nagy Dominika | C48: =COUNTIF('old -- All injections Dobos'!$H$2:$H$3002,B48) -> 7 | E48: Female ♀ | I48: =IF(COUNTA('[1]Virus production'!A44)=1,('[1]Virus production'!A44),"") -> AG43 | L48: 43235 | M48: 3 | N48: =L48 -> 43235 | O48: =DATE(YEAR(N48),MONTH(N48),1) -> 43221 | P48: =M48 -> 3 | Q48: =N48-$N$4 -> 207 | R48: =R47+M48 -> 180 | T48: 43040 | U48: 32 | V48: =T48 -> 43040 | W48: =U48 -> 32 | AD48: 45920 | AE48: 4 | AF48: =AD48 -> 45920 | AG48: =DATE(YEAR(AF48),MONTH(AF48),1) -> 45901 | AH48: =AE48 -> 4 | AI48: =AF48-$AF$11 -> 108 | AJ48: =AJ47+AE48 -> 98 | AL48: szept | AM48: 25
B49: PV - Paál Virág | C49: =COUNTIF('old -- All injections Dobos'!$H$2:$H$3002,B49) -> 31 | I49: =IF(COUNTA('[1]Virus production'!A45)=1,('[1]Virus production'!A45),"") -> AG44 | L49: 43236 | M49: 4 | N49: =L49 -> 43236 | O49: =DATE(YEAR(N49),MONTH(N49),1) -> 43221 | P49: =M49 -> 4 | Q49: =N49-$N$4 -> 208 | R49: =R48+M49 -> 184 | T49: 43070 | U49: 30 | V49: =T49 -> 43070 | W49: =U49 -> 30 | AD49: 45922 | AE49: 2 | AF49: =AD49 -> 45922 | AG49: =DATE(YEAR(AF49),MONTH(AF49),1) -> 45901 | AH49: =AE49 -> 2 | AI49: =AF49-$AF$11 -> 110 | AJ49: =AJ48+AE49 -> 100 | AL49: okt | AM49: 11
B50: TA - Tóth Alexandra | C50: =COUNTIF('old -- All injections Dobos'!$H$2:$H$3002,B50) -> 40 | I50: =IF(COUNTA('[1]Virus production'!A46)=1,('[1]Virus production'!A46),"") -> AG45 | L50: 43238 | M50: 2 | N50: =L50 -> 43238 | O50: =DATE(YEAR(N50),MONTH(N50),1) -> 43221 | P50: =M50 -> 2 | Q50: =N50-$N$4 -> 210 | R50: =R49+M50 -> 186 | T50: 43101 | U50: 33 | V50: =T50 -> 43101 | W50: =U50 -> 33 | AD50: 45923 | AE50: 4 | AF50: =AD50 -> 45923 | AG50: =DATE(YEAR(AF50),MONTH(AF50),1) -> 45901 | AH50: =AE50 -> 4 | AI50: =AF50-$AF$11 -> 111 | AJ50: =AJ49+AE50 -> 104 | AL50: nov | AM50: 24
B51: LR - Lányi Réka | C51: =COUNTIF('old -- All injections Dobos'!$H$2:$H$3002,B51) -> 11 | E51: Owners | I51: =IF(COUNTA('[1]Virus production'!A47)=1,('[1]Virus production'!A47),"") -> AG46 | L51: 43242 | M51: 3 | N51: =L51 -> 43242 | O51: =DATE(YEAR(N51),MONTH(N51),1) -> 43221 | P51: =M51 -> 3 | Q51: =N51-$N$4 -> 214 | R51: =R50+M51 -> 189 | T51: 43132 | U51: 32 | V51: =T51 -> 43132 | W51: =U51 -> 32 | AD51: 45924 | AE51: 3 | AF51: =AD51 -> 45924 | AG51: =DATE(YEAR(AF51),MONTH(AF51),1) -> 45901 | AH51: =AE51 -> 3 | AI51: =AF51-$AF$11 -> 112 | AJ51: =AJ50+AE51 -> 107 | AL51: Végösszeg | AM51: 142
B52: VK - Varada Karankot | E52: Abhrajyoti Chakrabarti | I52: =IF(COUNTA('[1]Virus production'!A48)=1,('[1]Virus production'!A48),"") -> AG47 | L52: 43251 | M52: 3 | N52: =L52 -> 43251 | O52: =DATE(YEAR(N52),MONTH(N52),1) -> 43221 | P52: =M52 -> 3 | Q52: =N52-$N$4 -> 223 | R52: =R51+M52 -> 192 | T52: 43160 | U52: 10 | V52: =T52 -> 43160 | W52: =U52 -> 10 | AD52: 45935 | AE52: 2 | AF52: =AD52 -> 45935 | AG52: =DATE(YEAR(AF52),MONTH(AF52),1) -> 45931 | AH52: =AE52 -> 2 | AI52: =AF52-$AF$11 -> 123 | AJ52: =AJ51+AE52 -> 109
E53: Bartók Helén | I53: AAV6 | L53: 43264 | M53: 9 | N53: =L53 -> 43264 | O53: =DATE(YEAR(N53),MONTH(N53),1) -> 43252 | P53: =M53 -> 9 | Q53: =N53-$N$4 -> 236 | R53: =R52+M53 -> 201 | T53: 43191 | U53: 34 | V53: =T53 -> 43191 | W53: =U53 -> 34 | AD53: 45936 | AE53: 2 | AF53: =AD53 -> 45936 | AG53: =DATE(YEAR(AF53),MONTH(AF53),1) -> 45931 | AH53: =AE53 -> 2 | AI53: =AF53-$AF$11 -> 124 | AJ53: =AJ52+AE53 -> 111
E54: Jász Anna | I54: =IF(COUNTA('[1]Virus production'!A49)=1,('[1]Virus production'!A49),"") -> AG48 | L54: 43267 | M54: 4 | N54: =L54 -> 43267 | O54: =DATE(YEAR(N54),MONTH(N54),1) -> 43252 | P54: =M54 -> 4 | Q54: =N54-$N$4 -> 239 | R54: =R53+M54 -> 205 | T54: 43221 | U54: 15 | V54: =T54 -> 43221 | W54: =U54 -> 15 | AD54: 45941 | AE54: 4 | AF54: =AD54 -> 45941 | AG54: =DATE(YEAR(AF54),MONTH(AF54),1) -> 45931 | AH54: =AE54 -> 4 | AI54: =AF54-$AF$11 -> 129 | AJ54: =AJ53+AE54 -> 115
E55: Lányi Réka | I55: =IF(COUNTA('[1]Virus production'!A50)=1,('[1]Virus production'!A50),"") -> AG49 | L55: 43278 | M55: 4 | N55: =L55 -> 43278 | O55: =DATE(YEAR(N55),MONTH(N55),1) -> 43252 | P55: =M55 -> 4 | Q55: =N55-$N$4 -> 250 | R55: =R54+M55 -> 209 | T55: 43252 | U55: 17 | V55: =T55 -> 43252 | W55: =U55 -> 17 | AD55: 45943 | AE55: 3 | AF55: =AD55 -> 45943 | AG55: =DATE(YEAR(AF55),MONTH(AF55),1) -> 45931 | AH55: =AE55 -> 3 | AI55: =AF55-$AF$11 -> 131 | AJ55: =AJ54+AE55 -> 118
E56: Kertész Borbála | I56: =IF(COUNTA('[1]Virus production'!A51)=1,('[1]Virus production'!A51),"") -> AG50 | L56: 43286 | M56: 4 | N56: =L56 -> 43286 | O56: =DATE(YEAR(N56),MONTH(N56),1) -> 43282 | P56: =M56 -> 4 | Q56: =N56-$N$4 -> 258 | R56: =R55+M56 -> 213 | T56: 43282 | U56: 17 | V56: =T56 -> 43282 | W56: =U56 -> 17 | AD56: 45964 | AE56: 6 | AF56: =AD56 -> 45964 | AG56: =DATE(YEAR(AF56),MONTH(AF56),1) -> 45962 | AH56: =AE56 -> 6 | AI56: =AF56-$AF$11 -> 152 | AJ56: =AJ55+AE56 -> 124
E57: Kiss Viktória | I57: =IF(COUNTA('[1]Virus production'!A52)=1,('[1]Virus production'!A52),"") -> AG51 | L57: 43299 | M57: 3 | N57: =L57 -> 43299 | O57: =DATE(YEAR(N57),MONTH(N57),1) -> 43282 | P57: =M57 -> 3 | Q57: =N57-$N$4 -> 271 | R57: =R56+M57 -> 216 | T57: 43313 | U57: 18 | V57: =T57 -> 43313 | W57: =U57 -> 18 | AD57: 45965 | AE57: 5 | AF57: =AD57 -> 45965 | AG57: =DATE(YEAR(AF57),MONTH(AF57),1) -> 45962 | AH57: =AE57 -> 5 | AI57: =AF57-$AF$11 -> 153 | AJ57: =AJ56+AE57 -> 129
E58: Kocsis Bálint | I58: AAV19 | L58: 43301 | M58: 5 | N58: =L58 -> 43301 | O58: =DATE(YEAR(N58),MONTH(N58),1) -> 43282 | P58: =M58 -> 5 | Q58: =N58-$N$4 -> 273 | R58: =R57+M58 -> 221 | T58: 43344 | U58: 20 | V58: =T58 -> 43344 | W58: =U58 -> 20 | AD58: 45966 | AE58: 2 | AF58: =AD58 -> 45966 | AG58: =DATE(YEAR(AF58),MONTH(AF58),1) -> 45962 | AH58: =AE58 -> 2 | AI58: =AF58-$AF$11 -> 154 | AJ58: =AJ57+AE58 -> 131
E59: Varada Karankot | I59: AAV23 | L59: 43302 | M59: 1 | N59: =L59 -> 43302 | O59: =DATE(YEAR(N59),MONTH(N59),1) -> 43282 | P59: =M59 -> 1 | Q59: =N59-$N$4 -> 274 | R59: =R58+M59 -> 222 | T59: 43374 | U59: 24 | V59: =T59 -> 43374 | W59: =U59 -> 24 | AD59: 45973 | AE59: 2 | AF59: =AD59 -> 45973 | AG59: =DATE(YEAR(AF59),MONTH(AF59),1) -> 45962 | AH59: =AE59 -> 2 | AI59: =AF59-$AF$11 -> 161 | AJ59: =AJ58+AE59 -> 133
E60: Lőrincz Tibor | I60: =IF(COUNTA('[1]Virus production'!A53)=1,('[1]Virus production'!A53),"") -> AG52 | L60: 43304 | M60: 4 | N60: =L60 -> 43304 | O60: =DATE(YEAR(N60),MONTH(N60),1) -> 43282 | P60: =M60 -> 4 | Q60: =N60-$N$4 -> 276 | R60: =R59+M60 -> 226 | T60: 43405 | U60: 23 | V60: =T60 -> 43405 | W60: =U60 -> 23 | AD60: 45974 | AE60: 2 | AF60: =AD60 -> 45974 | AG60: =DATE(YEAR(AF60),MONTH(AF60),1) -> 45962 | AH60: =AE60 -> 2 | AI60: =AF60-$AF$11 -> 162 | AJ60: =AJ59+AE60 -> 135
E61: Mezriczky Zsolt | I61: =IF(COUNTA('[1]Virus production'!A54)=1,('[1]Virus production'!A54),"") -> AG53 | L61: 43318 | M61: 4 | N61: =L61 -> 43318 | O61: =DATE(YEAR(N61),MONTH(N61),1) -> 43313 | P61: =M61 -> 4 | Q61: =N61-$N$4 -> 290 | R61: =R60+M61 -> 230 | T61: 43435 | U61: 15 | V61: =T61 -> 43435 | W61: =U61 -> 15 | AD61: 45980 | AE61: 3 | AF61: =AD61 -> 45980 | AG61: =DATE(YEAR(AF61),MONTH(AF61),1) -> 45962 | AH61: =AE61 -> 3 | AI61: =AF61-$AF$11 -> 168 | AJ61: =AJ60+AE61 -> 138
E62: Lenkey Nóra | I62: =IF(COUNTA('[1]Virus production'!A55)=1,('[1]Virus production'!A55),"") -> AG54 | L62: 43321 | M62: 2 | N62: =L62 -> 43321 | O62: =DATE(YEAR(N62),MONTH(N62),1) -> 43313 | P62: =M62 -> 2 | Q62: =N62-$N$4 -> 293 | R62: =R61+M62 -> 232 | T62: 43466 | U62: 25 | V62: =T62 -> 43466 | W62: =U62 -> 25 | AD62: 45981 | AE62: 2 | AF62: =AD62 -> 45981 | AG62: =DATE(YEAR(AF62),MONTH(AF62),1) -> 45962 | AH62: =AE62 -> 2 | AI62: =AF62-$AF$11 -> 169 | AJ62: =AJ61+AE62 -> 140
E63: Soós András | I63: =IF(COUNTA('[1]Virus production'!A56)=1,('[1]Virus production'!A56),"") -> AG55 | L63: 43322 | M63: 2 | N63: =L63 -> 43322 | O63: =DATE(YEAR(N63),MONTH(N63),1) -> 43313 | P63: =M63 -> 2 | Q63: =N63-$N$4 -> 294 | R63: =R62+M63 -> 234 | T63: 43497 | U63: 18 | V63: =T63 -> 43497 | W63: =U63 -> 18 | AD63: 45982 | AE63: 2 | AF63: =AD63 -> 45982 | AG63: =DATE(YEAR(AF63),MONTH(AF63),1) -> 45962 | AH63: =AE63 -> 2 | AI63: =AF63-$AF$11 -> 170 | AJ63: =AJ62+AE63 -> 142
E64: Sulcz-Judák Linda | I64: =IF(COUNTA('[1]Virus production'!A57)=1,('[1]Virus production'!A57),"") | L64: 43326 | M64: 3 | N64: =L64 -> 43326 | O64: =DATE(YEAR(N64),MONTH(N64),1) -> 43313 | P64: =M64 -> 3 | Q64: =N64-$N$4 -> 298 | R64: =R63+M64 -> 237 | T64: 43525 | U64: 14 | V64: =T64 -> 43525 | W64: =U64 -> 14 | AD64: (üres)
E65: Szadai Zoltán | I65: AAV34 | L65: 43328 | M65: 2 | N65: =L65 -> 43328 | O65: =DATE(YEAR(N65),MONTH(N65),1) -> 43313 | P65: =M65 -> 2 | Q65: =N65-$N$4 -> 300 | R65: =R64+M65 -> 239 | T65: 43556 | U65: 13 | V65: =T65 -> 43556 | W65: =U65 -> 13 | AD65: Végösszeg | AE65: 182
E66: Szalay Gergely | I66: =IF(COUNTA('[1]Virus production'!A58)=1,('[1]Virus production'!A58),"") | L66: 43339 | M66: 3 | N66: =L66 -> 43339 | O66: =DATE(YEAR(N66),MONTH(N66),1) -> 43313 | P66: =M66 -> 3 | Q66: =N66-$N$4 -> 311 | R66: =R65+M66 -> 242 | T66: 43586 | U66: 6 | V66: =T66 -> 43586 | W66: =U66 -> 6
E67: Szebik Huba | I67: AAV51 | L67: 43343 | M67: 2 | N67: =L67 -> 43343 | O67: =DATE(YEAR(N67),MONTH(N67),1) -> 43313 | P67: =M67 -> 2 | Q67: =N67-$N$4 -> 315 | R67: =R66+M67 -> 244 | T67: 43617 | U67: 28 | V67: =T67 -> 43617 | W67: =U67 -> 28
E68: Tarján Balázs | I68: AAV58 | L68: 43353 | M68: 4 | N68: =L68 -> 43353 | O68: =DATE(YEAR(N68),MONTH(N68),1) -> 43344 | P68: =M68 -> 4 | Q68: =N68-$N$4 -> 325 | R68: =R67+M68 -> 248 | T68: 43647 | U68: 23 | V68: =T68 -> 43647 | W68: =U68 -> 23
E69: Wéber Katalin | I69: =IF(COUNTA('[1]Virus production'!A59)=1,('[1]Virus production'!A59),"") -> AAV2 | L69: 43354 | M69: 5 | N69: =L69 -> 43354 | O69: =DATE(YEAR(N69),MONTH(N69),1) -> 43344 | P69: =M69 -> 5 | Q69: =N69-$N$4 -> 326 | R69: =R68+M69 -> 253 | T69: 43678 | U69: 11 | V69: =T69 -> 43678 | W69: =U69 -> 11
E70: Bautista-Soldevilla Áron | I70: =IF(COUNTA('[1]Virus production'!A60)=1,('[1]Virus production'!A60),"") -> AAV3a | L70: 43355 | M70: 4 | N70: =L70 -> 43355 | O70: =DATE(YEAR(N70),MONTH(N70),1) -> 43344 | P70: =M70 -> 4 | Q70: =N70-$N$4 -> 327 | R70: =R69+M70 -> 257 | T70: 43709 | U70: 27 | V70: =T70 -> 43709 | W70: =U70 -> 27
I71: =IF(COUNTA('[1]Virus production'!A61)=1,('[1]Virus production'!A61),"") -> AAV4 | L71: 43360 | M71: 4 | N71: =L71 -> 43360 | O71: =DATE(YEAR(N71),MONTH(N71),1) -> 43344 | P71: =M71 -> 4 | Q71: =N71-$N$4 -> 332 | R71: =R70+M71 -> 261 | T71: 43739 | U71: 10 | V71: =T71 -> 43739 | W71: =U71 -> 10
I72: =IF(COUNTA('[1]Virus production'!A62)=1,('[1]Virus production'!A62),"") -> AAV15a | L72: 43370 | M72: 3 | N72: =L72 -> 43370 | O72: =DATE(YEAR(N72),MONTH(N72),1) -> 43344 | P72: =M72 -> 3 | Q72: =N72-$N$4 -> 342 | R72: =R71+M72 -> 264 | T72: 43770 | U72: 7 | V72: =T72 -> 43770 | W72: =U72 -> 7
I73: AAV63 | L73: 43383 | M73: 3 | N73: =L73 -> 43383 | O73: =DATE(YEAR(N73),MONTH(N73),1) -> 43374 | P73: =M73 -> 3 | Q73: =N73-$N$4 -> 355 | R73: =R72+M73 -> 267 | T73: 43831 | U73: 2 | V73: =T73 -> 43831 | W73: =U73 -> 2
I74: =IF(COUNTA('[1]Virus production'!A63)=1,('[1]Virus production'!A63),"") -> AAV16 | L74: 43388 | M74: 3 | N74: =L74 -> 43388 | O74: =DATE(YEAR(N74),MONTH(N74),1) -> 43374 | P74: =M74 -> 3 | Q74: =N74-$N$4 -> 360 | R74: =R73+M74 -> 270 | T74: 43862 | U74: 15 | V74: =T74 -> 43862 | W74: =U74 -> 15
I75: =IF(COUNTA('[1]Virus production'!A64)=1,('[1]Virus production'!A64),"") -> AAV17 | L75: 43389 | M75: 10 | N75: =L75 -> 43389 | O75: =DATE(YEAR(N75),MONTH(N75),1) -> 43374 | P75: =M75 -> 10 | Q75: =N75-$N$4 -> 361 | R75: =R74+M75 -> 280 | T75: 43891 | U75: 18 | V75: =T75 -> 43891 | W75: =U75 -> 18
I76: =IF(COUNTA('[1]Virus production'!A65)=1,('[1]Virus production'!A65),"") -> AAV18 | L76: 43391 | M76: 3 | N76: =L76 -> 43391 | O76: =DATE(YEAR(N76),MONTH(N76),1) -> 43374 | P76: =M76 -> 3 | Q76: =N76-$N$4 -> 363 | R76: =R75+M76 -> 283 | T76: 43922 | U76: 11 | V76: =T76 -> 43922 | W76: =U76 -> 11
I77: =IF(COUNTA('[1]Virus production'!A66)=1,('[1]Virus production'!A66),"") -> AAV24 | L77: 43392 | M77: 2 | N77: =L77 -> 43392 | O77: =DATE(YEAR(N77),MONTH(N77),1) -> 43374 | P77: =M77 -> 2 | Q77: =N77-$N$4 -> 364 | R77: =R76+M77 -> 285 | T77: 43952 | U77: 10 | V77: =T77 -> 43952 | W77: =U77 -> 10
I78: =IF(COUNTA('[1]Virus production'!A67)=1,('[1]Virus production'!A67),"") -> AAV25 | L78: 43403 | M78: 3 | N78: =L78 -> 43403 | O78: =DATE(YEAR(N78),MONTH(N78),1) -> 43374 | P78: =M78 -> 3 | Q78: =N78-$N$4 -> 375 | R78: =R77+M78 -> 288 | T78: 43983 | U78: 17 | V78: =T78 -> 43983 | W78: =U78 -> 17
I79: =IF(COUNTA('[1]Virus production'!A68)=1,('[1]Virus production'!A68),"") -> AAV26 | L79: 43409 | M79: 4 | N79: =L79 -> 43409 | O79: =DATE(YEAR(N79),MONTH(N79),1) -> 43405 | P79: =M79 -> 4 | Q79: =N79-$N$4 -> 381 | R79: =R78+M79 -> 292 | T79: 44013 | U79: 30 | V79: =T79 -> 44013 | W79: =U79 -> 30
I80: AAV83 | L80: 43416 | M80: 4 | N80: =L80 -> 43416 | O80: =DATE(YEAR(N80),MONTH(N80),1) -> 43405 | P80: =M80 -> 4 | Q80: =N80-$N$4 -> 388 | R80: =R79+M80 -> 296 | T80: 44044 | U80: 24 | V80: =T80 -> 44044 | W80: =U80 -> 24
I81: AAV85 | L81: 43423 | M81: 4 | N81: =L81 -> 43423 | O81: =DATE(YEAR(N81),MONTH(N81),1) -> 43405 | P81: =M81 -> 4 | Q81: =N81-$N$4 -> 395 | R81: =R80+M81 -> 300 | T81: 44075 | U81: 16 | V81: =T81 -> 44075 | W81: =U81 -> 16
I82: =IF(COUNTA('[1]Virus production'!A69)=1,('[1]Virus production'!A69),"") -> AAV28 | L82: 43429 | M82: 5 | N82: =L82 -> 43429 | O82: =DATE(YEAR(N82),MONTH(N82),1) -> 43405 | P82: =M82 -> 5 | Q82: =N82-$N$4 -> 401 | R82: =R81+M82 -> 305 | T82: 44105 | U82: 8 | V82: =T82 -> 44105 | W82: =U82 -> 8
I83: =IF(COUNTA('[1]Virus production'!A70)=1,('[1]Virus production'!A70),"") -> AAV29 | L83: 43431 | M83: 3 | N83: =L83 -> 43431 | O83: =DATE(YEAR(N83),MONTH(N83),1) -> 43405 | P83: =M83 -> 3 | Q83: =N83-$N$4 -> 403 | R83: =R82+M83 -> 308 | T83: 44136 | U83: 16 | V83: =T83 -> 44136 | W83: =U83 -> 16
I84: =IF(COUNTA('[1]Virus production'!A71)=1,('[1]Virus production'!A71),"") -> AAV39 | L84: 43433 | M84: 3 | N84: =L84 -> 43433 | O84: =DATE(YEAR(N84),MONTH(N84),1) -> 43405 | P84: =M84 -> 3 | Q84: =N84-$N$4 -> 405 | R84: =R83+M84 -> 311 | T84: 44166 | U84: 15 | V84: =T84 -> 44166 | W84: =U84 -> 15
I85: =IF(COUNTA('[1]Virus production'!A73)=1,('[1]Virus production'!A73),"") -> AAV60 | L85: 43446 | M85: 3 | N85: =L85 -> 43446 | O85: =DATE(YEAR(N85),MONTH(N85),1) -> 43435 | P85: =M85 -> 3 | Q85: =N85-$N$4 -> 418 | R85: =R84+M85 -> 314 | T85: 44197 | U85: 11 | V85: =T85 -> 44197 | W85: =U85 -> 11
I86: =IF(COUNTA('[1]Virus production'!A74)=1,('[1]Virus production'!A74),"") -> AAV61 | L86: 43449 | M86: 5 | N86: =L86 -> 43449 | O86: =DATE(YEAR(N86),MONTH(N86),1) -> 43435 | P86: =M86 -> 5 | Q86: =N86-$N$4 -> 421 | R86: =R85+M86 -> 319 | T86: 44228 | U86: 18 | V86: =T86 -> 44228 | W86: =U86 -> 18
I87: =IF(COUNTA('[1]Virus production'!A75)=1,('[1]Virus production'!A75),"") -> AAV62 | L87: 43452 | M87: 2 | N87: =L87 -> 43452 | O87: =DATE(YEAR(N87),MONTH(N87),1) -> 43435 | P87: =M87 -> 2 | Q87: =N87-$N$4 -> 424 | R87: =R86+M87 -> 321 | T87: 44256 | U87: 13 | V87: =T87 -> 44256 | W87: =U87 -> 13
I88: =IF(COUNTA('[1]Virus production'!A76)=1,('[1]Virus production'!A76),"") -> AAV68 | L88: 43453 | M88: 3 | N88: =L88 -> 43453 | O88: =DATE(YEAR(N88),MONTH(N88),1) -> 43435 | P88: =M88 -> 3 | Q88: =N88-$N$4 -> 425 | R88: =R87+M88 -> 324 | T88: 44287 | U88: 4 | V88: =T88 -> 44287 | W88: =U88 -> 4
I89: =IF(COUNTA('[1]Virus production'!A77)=1,('[1]Virus production'!A77),"") -> AAV69 | L89: 43454 | M89: 2 | N89: =L89 -> 43454 | O89: =DATE(YEAR(N89),MONTH(N89),1) -> 43435 | P89: =M89 -> 2 | Q89: =N89-$N$4 -> 426 | R89: =R88+M89 -> 326 | T89: 44317 | U89: 14 | V89: =T89 -> 44317 | W89: =U89 -> 14
I90: =IF(COUNTA('[1]Virus production'!A78)=1,('[1]Virus production'!A78),"") -> AAV70 | L90: 43467 | M90: 5 | N90: =L90 -> 43467 | O90: =DATE(YEAR(N90),MONTH(N90),1) -> 43466 | P90: =M90 -> 5 | Q90: =N90-$N$4 -> 439 | R90: =R89+M90 -> 331 | T90: 44348 | U90: 8 | V90: =T90 -> 44348 | W90: =U90 -> 8
I91: =IF(COUNTA('[1]Virus production'!A79)=1,('[1]Virus production'!A79),"") -> AAV72 | L91: 43473 | M91: 2 | N91: =L91 -> 43473 | O91: =DATE(YEAR(N91),MONTH(N91),1) -> 43466 | P91: =M91 -> 2 | Q91: =N91-$N$4 -> 445 | R91: =R90+M91 -> 333 | T91: 44378 | U91: 16 | V91: =T91 -> 44378 | W91: =U91 -> 16
I92: =IF(COUNTA('[1]Virus production'!A80)=1,('[1]Virus production'!A80),"") -> AAV75 | L92: 43479 | M92: 2 | N92: =L92 -> 43479 | O92: =DATE(YEAR(N92),MONTH(N92),1) -> 43466 | P92: =M92 -> 2 | Q92: =N92-$N$4 -> 451 | R92: =R91+M92 -> 335 | T92: 44409 | U92: 25 | V92: =T92 -> 44409 | W92: =U92 -> 25
I93: =IF(COUNTA('[1]Virus production'!A81)=1,('[1]Virus production'!A81),"") -> AAV76 | L93: 43486 | M93: 3 | N93: =L93 -> 43486 | O93: =DATE(YEAR(N93),MONTH(N93),1) -> 43466 | P93: =M93 -> 3 | Q93: =N93-$N$4 -> 458 | R93: =R92+M93 -> 338 | T93: 44440 | U93: 18 | V93: =T93 -> 44440 | W93: =U93 -> 18
I94: =IF(COUNTA('[1]Virus production'!A82)=1,('[1]Virus production'!A82),"") -> AAV89 | L94: 43488 | M94: 6 | N94: =L94 -> 43488 | O94: =DATE(YEAR(N94),MONTH(N94),1) -> 43466 | P94: =M94 -> 6 | Q94: =N94-$N$4 -> 460 | R94: =R93+M94 -> 344 | T94: 44470 | U94: 15 | V94: =T94 -> 44470 | W94: =U94 -> 15
I95: =IF(COUNTA('[1]Virus production'!A83)=1,('[1]Virus production'!A83),"") -> AAV90 | L95: 43494 | M95: 7 | N95: =L95 -> 43494 | O95: =DATE(YEAR(N95),MONTH(N95),1) -> 43466 | P95: =M95 -> 7 | Q95: =N95-$N$4 -> 466 | R95: =R94+M95 -> 351 | T95: 44501 | U95: 3 | V95: =T95 -> 44501 | W95: =U95 -> 3
I96: =IF(COUNTA('[1]Virus production'!A84)=1,('[1]Virus production'!A84),"") -> AAV91 | L96: 43497 | M96: 4 | N96: =L96 -> 43497 | O96: =DATE(YEAR(N96),MONTH(N96),1) -> 43497 | P96: =M96 -> 4 | Q96: =N96-$N$4 -> 469 | R96: =R95+M96 -> 355 | T96: 44531 | U96: 10 | V96: =T96 -> 44531 | W96: =U96 -> 10
... I103: =IF(COUNTA('[1]Virus production'!A91)=1,('[1]Virus production'!A91),"") -> AAV95 | L103: 43545 | M103: 4 | N103: =L103 -> 43545 | O103: =DATE(YEAR(N103),MONTH(N103),1) -> 43525 | P103: =M103 -> 4 | Q103: =N103-$N$4 -> 517 | R103: =R102+M103 -> 379 | T103: 44743 | U103: 27 | V103: =T103 -> 44743 | W103: =U103 -> 27
I104: AAV112 | L104: 43552 | M104: 2 | N104: =L104 -> 43552 | O104: =DATE(YEAR(N104),MONTH(N104),1) -> 43525 | P104: =M104 -> 2 | Q104: =N104-$N$4 -> 524 | R104: =R103+M104 -> 381 | T104: 44774 | U104: 27 | V104: =T104 -> 44774 | W104: =U104 -> 27
I105: =IF(COUNTA('[1]Virus production'!A92)=1,('[1]Virus production'!A92),"") -> AAV96 | L105: 43553 | M105: 2 | N105: =L105 -> 43553 | O105: =DATE(YEAR(N105),MONTH(N105),1) -> 43525 | P105: =M105 -> 2 | Q105: =N105-$N$4 -> 525 | R105: =R104+M105 -> 383 | T105: 44805 | U105: 17 | V105: =T105 -> 44805 | W105: =U105 -> 17
I106: =IF(COUNTA('[1]Virus production'!A93)=1,('[1]Virus production'!A93),"") -> AAV97 | L106: 43566 | M106: 3 | N106: =L106 -> 43566 | O106: =DATE(YEAR(N106),MONTH(N106),1) -> 43556 | P106: =M106 -> 3 | Q106: =N106-$N$4 -> 538 | R106: =R105+M106 -> 386 | T106: 44835 | U106: 11 | V106: =T106 -> 44835 | W106: =U106 -> 11
I107: =IF(COUNTA('[1]Virus production'!A94)=1,('[1]Virus production'!A94),"") -> AAV98 | L107: 43567 | M107: 5 | N107: =L107 -> 43567 | O107: =DATE(YEAR(N107),MONTH(N107),1) -> 43556 | P107: =M107 -> 5 | Q107: =N107-$N$4 -> 539 | R107: =R106+M107 -> 391 | T107: 44866 | U107: 6 | V107: =T107 -> 44866 | W107: =U107 -> 6
...

Sheet old -- All injections Dobos
A1: Add new by add inj. date!! | B1: State (Auto edit) | C1: Project | D1: Category | E1: Injection Date | F1: Surgery Date | G1: Drop out Date | H1: Injection Pers. | I1: Surgery Pers. | J1: Line | K1: Vector 1 | L1: Vector 2 | M1: Vector 3 | N1: Dill. | O1: Location | P1: Depth (µm) | Q1: Quant. (nl) | R1: Note for the injection | S1: NOTE | T1: Megjegyzés (műtéthez) | U1: Checkup | V1: Checkup 2. | W1: Checkup 3. | X1: - | Y1: OGR number
A2: Mouse_001 | B2: =IF((COUNTBLANK(G2)=0),Stats!$E$7,IF((COUNTBLANK(E2)=0),IF((COUNTBLANK(F2)=0),IF((COUNTBLANK(U2)=0),Stats!$E$6,Stats!$E$5),Stats!$E$4),"")) -> Death | C2: Columna | E2: 43028 | F2: 36892 | G2: 36893 | H2: CC - Csupenyák Csaba | J2: C57b6 | K2: AAV3a | N2: 20x | O2: V1 | P2: 450-350-250 | Q2: 150-150-100 | R2: dura átszakadt, sok vírus feljött | X2: meghalt
A3: Mouse_002 | B3: =IF((COUNTBLANK(G3)=0),Stats!$E$7,IF((COUNTBLANK(E3)=0),IF((COUNTBLANK(F3)=0),IF((COUNTBLANK(U3)=0),Stats!$E$6,Stats!$E$5),Stats!$E$4),"")) -> Death | C3: Columna | E3: 43028 | F3: 36892 | G3: 36893 | H3: CC - Csupenyák Csaba | J3: C57b6 | K3: AAV3a | N3: 20x | O3: V1 | P3: 450-350-250 | Q3: 150-150-100 | R3: dura átszakadt, sok vírus feljött | X3: meghalt
A4: Mouse_003 | B4: =IF((COUNTBLANK(G4)=0),Stats!$E$7,IF((COUNTBLANK(E4)=0),IF((COUNTBLANK(F4)=0),IF((COUNTBLANK(U4)=0),Stats!$E$6,Stats!$E$5),Stats!$E$4),"")) -> Death | C4: Columna | E4: 43031 | F4: 36892 | G4: 36893 | H4: CC - Csupenyák Csaba | J4: C57b6 | K4: AAV3a | N4: 20x | O4: V1 | P4: 450-250 | Q4: 230-170 | R4: dura ép, de egy vastagabb eret átszúrt a pipetta, sok vérzés. Pipetta elvileg nem tömült el, ellenőriztem | X4: meghalt
A5: Mouse_004 | B5: =IF((COUNTBLANK(G5)=0),Stats!$E$7,IF((COUNTBLANK(E5)=0),IF((COUNTBLANK(F5)=0),IF((COUNTBLANK(U5)=0),Stats!$E$6,Stats!$E$5),Stats!$E$4),"")) -> Death | C5: Columna | E5: 43035 | F5: 36892 | G5: 36893 | H5: SG - Szalay Gergely | J5: C57b6 | K5: AG17 | O5: V1 | P5: 1000; 800; 600 | Q5: 150; 150; 150 | X5: meghalt
A6: Mouse_005 | B6: =IF((COUNTBLANK(G6)=0),Stats!$E$7,IF((COUNTBLANK(E6)=0),IF((COUNTBLANK(F6)=0),IF((COUNTBLANK(U6)=0),Stats!$E$6,Stats!$E$5),Stats!$E$4),"")) -> Death | C6: Columna | E6: 43035 | F6: 36892 | G6: 36893 | H6: SG - Szalay Gergely | J6: C57b6 | K6: AG17 | O6: V1 | P6: 1000; 800; 600 | Q6: 150; 150; 150 | X6: meghalt
A7: Mouse_006 | B7: =IF((COUNTBLANK(G7)=0),Stats!$E$7,IF((COUNTBLANK(E7)=0),IF((COUNTBLANK(F7)=0),IF((COUNTBLANK(U7)=0),Stats!$E$6,Stats!$E$5),Stats!$E$4),"")) -> Death | C7: Columna | E7: 43039 | F7: 36892 | G7: 36893 | H7: MM - Marosi Máté | J7: C57b6 | K7: AAV3a | O7: V1 | P7: 450 | Q7: 300-300-300 | R7: NAVITAR | X7: terminálva
A8: Mouse_007 | B8: =IF((COUNTBLANK(G8)=0),Stats!$E$7,IF((COUNTBLANK(E8)=0),IF((COUNTBLANK(F8)=0),IF((COUNTBLANK(U8)=0),Stats!$E$6,Stats!$E$5),Stats!$E$4),"")) -> Death | C8: Columna | E8: 43040 | F8: 36892 | G8: 36893 | H8: CC - Csupenyák Csaba | J8: Thy1-Cre | K8: AAV17 | O8: V1 | P8: 450 | Q8: 400 | R8: vírus jött fel | X8: meghalt
A9: Mouse_008 | B9: =IF((COUNTBLANK(G9)=0),Stats!$E$7,IF((COUNTBLANK(E9)=0),IF((COUNTBLANK(F9)=0),IF((COUNTBLANK(U9)=0),Stats!$E$6,Stats!$E$5),Stats!$E$4),"")) -> Death | C9: Columna | E9: 43040 | F9: 36892 | G9: 36893 | H9: CC - Csupenyák Csaba | J9: Thy1-Cre | K9: AAV17 | O9: V1 | P9: 450 | Q9: 400 | R9: - | X9: meghalt
A10: Mouse_009 | B10: =IF((COUNTBLANK(G10)=0),Stats!$E$7,IF((COUNTBLANK(E10)=0),IF((COUNTBLANK(F10)=0),IF((COUNTBLANK(U10)=0),Stats!$E$6,Stats!$E$5),Stats!$E$4),"")) -> Death | C10: Columna | E10: 43041 | F10: 36892 | G10: 36893 | H10: CC - Csupenyák Csaba | J10: Thy1-Cre | K10: AAV19 | O10: V1 | P10: 450 | Q10: 400 | R10: az elején minimális mennyiség feljött, pár um-rel arrébb mentem, ott már jó volt | X10: meghalt
A11: Mouse_010 | B11: =IF((COUNTBLANK(G11)=0),Stats!$E$7,IF((COUNTBLANK(E11)=0),IF((COUNTBLANK(F11)=0),IF((COUNTBLANK(U11)=0),Stats!$E$6,Stats!$E$5),Stats!$E$4),"")) -> Death | C11: Columna | E11: 43041 | F11: 36892 | G11: 36893 | H11: CC - Csupenyák Csaba | J11: Thy1-Cre | K11: AAV19 | O11: V1 | P11: 450 | Q11: 400 | R11: a pipetta kiemelésekor felbuggyant egy csomó :( | X11: terminálva
A12: Mouse_011 | B12: =IF((COUNTBLANK(G12)=0),Stats!$E$7,IF((COUNTBLANK(E12)=0),IF((COUNTBLANK(F12)=0),IF((COUNTBLANK(U12)=0),Stats!$E$6,Stats!$E$5),Stats!$E$4),"")) -> Death | C12: Columna | E12: 43047 | F12: 36892 | G12: 36893 | H12: SG - Szalay Gergely | J12: C57b6 | K12: AG13 | N12: 5x | O12: V1 | P12: 450 | Q12: 400 | X12: meghalt
A13: Mouse_012 | B13: =IF((COUNTBLANK(G13)=0),Stats!$E$7,IF((COUNTBLANK(E13)=0),IF((COUNTBLANK(F13)=0),IF((COUNTBLANK(U13)=0),Stats!$E$6,Stats!$E$5),Stats!$E$4),"")) -> Death | C13: Columna | E13: 43047 | F13: 36892 | G13: 36893 | H13: SG - Szalay Gergely | J13: C57b6 | K13: AG13 | N13: 5x | O13: V1 | P13: 450 | Q13: 400 | X13: terminálva (2018.02.28)
A14: Mouse_013 | B14: =IF((COUNTBLANK(G14)=0),Stats!$E$7,IF((COUNTBLANK(E14)=0),IF((COUNTBLANK(F14)=0),IF((COUNTBLANK(U14)=0),Stats!$E$6,Stats!$E$5),Stats!$E$4),"")) -> Death | C14: Columna | E14: 43047 | F14: 36892 | G14: 36893 | H14: SG - Szalay Gergely | J14: C57b6 | K14: AG13 | N14: 5x | O14: V1 | P14: 450 | Q14: 400 | X14: terminálva (2018.02.28)
A15: Mouse_014 | B15: =IF((COUNTBLANK(G15)=0),Stats!$E$7,IF((COUNTBLANK(E15)=0),IF((COUNTBLANK(F15)=0),IF((COUNTBLANK(U15)=0),Stats!$E$6,Stats!$E$5),Stats!$E$4),"")) -> Death | C15: Columna | E15: 43047 | F15: 36892 | G15: 36893 | H15: SG - Szalay Gergely | J15: C57b6 | K15: AG13 | N15: 5x | O15: V1 | P15: 450 | Q15: 400 | X15: meghalt
A16: Mouse_015 | B16: =IF((COUNTBLANK(G16)=0),Stats!$E$7,IF((COUNTBLANK(E16)=0),IF((COUNTBLANK(F16)=0),IF((COUNTBLANK(U16)=0),Stats!$E$6,Stats!$E$5),Stats!$E$4),"")) -> Death | C16: Columna | E16: 43047 | F16: 36892 | G16: 36893 | H16: SG - Szalay Gergely | J16: C57b6 | K16: AG9 | L16: AG4 | N16: 1:50 | O16: V1 | P16: 450 | Q16: 400 | X16: meghalt
A17: Mouse_016 | B17: =IF((COUNTBLANK(G17)=0),Stats!$E$7,IF((COUNTBLANK(E17)=0),IF((COUNTBLANK(F17)=0),IF((COUNTBLANK(U17)=0),Stats!$E$6,Stats!$E$5),Stats!$E$4),"")) -> Death | C17: Columna | E17: 43047 | F17: 36892 | G17: 36893 | H17: SG - Szalay Gergely | J17: C57b6 | K17: AG9 | L17: AG4 | N17: 1:50 | O17: V1 | P17: 450 | Q17: 400 | X17: meghalt
A18: Mouse_017 | B18: =IF((COUNTBLANK(G18)=0),Stats!$E$7,IF((COUNTBLANK(E18)=0),IF((COUNTBLANK(F18)=0),IF((COUNTBLANK(U18)=0),Stats!$E$6,Stats!$E$5),Stats!$E$4),"")) -> Death | C18: Columna | E18: 43047 | F18: 36892 | G18: 36893 | H18: SG - Szalay Gergely | J18: C57b6 | K18: AG9 | L18: AG4 | N18: 1:50 | O18: V1 | P18: 450 | Q18: 400 | X18: meghalt
A19: Mouse_018 | B19: =IF((COUNTBLANK(G19)=0),Stats!$E$7,IF((COUNTBLANK(E19)=0),IF((COUNTBLANK(F19)=0),IF((COUNTBLANK(U19)=0),Stats!$E$6,Stats!$E$5),Stats!$E$4),"")) -> Death | C19: Columna | E19: 43047 | F19: 36892 | G19: 36893 | H19: SG - Szalay Gergely | J19: Thy1-Cre | K19: AG9 | N19: 2x | O19: V1 | P19: 450 | Q19: 400 | X19: terminálva (2018.02.28)
A20: Mouse_019 | B20: =IF((COUNTBLANK(G20)=0),Stats!$E$7,IF((COUNTBLANK(E20)=0),IF((COUNTBLANK(F20)=0),IF((COUNTBLANK(U20)=0),Stats!$E$6,Stats!$E$5),Stats!$E$4),"")) -> Death | C20: Columna | E20: 43047 | F20: 36892 | G20: 36893 | H20: SG - Szalay Gergely | J20: Thy1-Cre | K20: AG9 | N20: 2x | O20: V1 | P20: 450 | Q20: 400 | X20: meghalt
A21: Mouse_020 | B21: =IF((COUNTBLANK(G21)=0),Stats!$E$7,IF((COUNTBLANK(E21)=0),IF((COUNTBLANK(F21)=0),IF((COUNTBLANK(U21)=0),Stats!$E$6,Stats!$E$5),Stats!$E$4),"")) -> Death | C21: Columna | E21: 43047 | F21: 36892 | G21: 36893 | H21: SG - Szalay Gergely | J21: C57b6 | K21: AG9 | L21: AG4 | N21: 1:50 | O21: V1 | P21: 450 | Q21: 400 | X21: meghalt
A22: Mouse_021 | B22: =IF((COUNTBLANK(G22)=0),Stats!$E$7,IF((COUNTBLANK(E22)=0),IF((COUNTBLANK(F22)=0),IF((COUNTBLANK(U22)=0),Stats!$E$6,Stats!$E$5),Stats!$E$4),"")) -> Death | C22: Columna | E22: 43048 | F22: 36892 | G22: 36893 | H22: TT - Tompa Tamás | J22: C57b6 | K22: AAV3a | L22: AAV15a | O22: V1 | P22: 600-200 | Q22: 250 | X22: terminálva
A23: Mouse_022 | B23: =IF((COUNTBLANK(G23)=0),Stats!$E$7,IF((COUNTBLANK(E23)=0),IF((COUNTBLANK(F23)=0),IF((COUNTBLANK(U23)=0),Stats!$E$6,Stats!$E$5),Stats!$E$4),"")) -> Death | C23: Columna | E23: 43048 | F23: 36892 | G23: 36893 | H23: TT - Tompa Tamás | J23: C57b6 | K23: AAV3a | L23: AAV15a | O23: V1 | P23: 600-200 | Q23: 250 | X23: meghalt
A24: Mouse_023 | B24: =IF((COUNTBLANK(G24)=0),Stats!$E$7,IF((COUNTBLANK(E24)=0),IF((COUNTBLANK(F24)=0),IF((COUNTBLANK(U24)=0),Stats!$E$6,Stats!$E$5),Stats!$E$4),"")) -> Death | C24: Columna | E24: 43048 | F24: 36892 | G24: 36893 | H24: TT - Tompa Tamás | J24: C57b6 | K24: AAV3a | L24: AAV15a | O24: V1 | P24: 600-200 | Q24: 250 | X24: meghalt
A25: Mouse_024 | B25: =IF((COUNTBLANK(G25)=0),Stats!$E$7,IF((COUNTBLANK(E25)=0),IF((COUNTBLANK(F25)=0),IF((COUNTBLANK(U25)=0),Stats!$E$6,Stats!$E$5),Stats!$E$4),"")) -> Death | C25: Columna | E25: 43048 | F25: 36892 | G25: 36893 | H25: TT - Tompa Tamás | J25: Thy1-Cre | K25: AAV3a | L25: AAV15a | O25: V1 | P25: 500-200 | Q25: 250 | R25: a három szürkénél sok volt a visszafolyás (a koponyára), a feketéknél semmi | X25: meghalt
A26: Mouse_025 | B26: =IF((COUNTBLANK(G26)=0),Stats!$E$7,IF((COUNTBLANK(E26)=0),IF((COUNTBLANK(F26)=0),IF((COUNTBLANK(U26)=0),Stats!$E$6,Stats!$E$5),Stats!$E$4),"")) -> Death | C26: Columna | E26: 43048 | F26: 36892 | G26: 36893 | H26: TT - Tompa Tamás | J26: Thy1-Cre | K26: AAV3a | L26: AAV15a | O26: V1 | P26: 500-200 | Q26: 250 | X26: terminálva
A27: Mouse_026 | B27: =IF((COUNTBLANK(G27)=0),Stats!$E$7,IF((COUNTBLANK(E27)=0),IF((COUNTBLANK(F27)=0),IF((COUNTBLANK(U27)=0),Stats!$E$6,Stats!$E$5),Stats!$E$4),"")) -> Death | C27: Columna | E27: 43048 | F27: 36892 | G27: 36893 | H27: TT - Tompa Tamás | J27: Thy1-Cre | K27: AAV3a | L27: AAV15a | O27: V1 | P27: 500-200 | Q27: 250 | X27: terminálva
A28: Mouse_027 | B28: =IF((COUNTBLANK(G28)=0),Stats!$E$7,IF((COUNTBLANK(E28)=0),IF((COUNTBLANK(F28)=0),IF((COUNTBLANK(U28)=0),Stats!$E$6,Stats!$E$5),Stats!$E$4),"")) -> Death | C28: Columna | E28: 43052 | F28: 36892 | G28: 36893 | H28: CC - Csupenyák Csaba | J28: C57b6 | K28: AAV3a | N28: 5x | O28: V1 | P28: 500-350-200 | Q28: 150-150-100
A29: Mouse_028 | B29: =IF((COUNTBLANK(G29)=0),Stats!$E$7,IF((COUNTBLANK(E29)=0),IF((COUNTBLANK(F29)=0),IF((COUNTBLANK(U29)=0),Stats!$E$6,Stats!$E$5),Stats!$E$4),"")) -> Death | C29: Columna | E29: 43052 | F29: 36892 | G29: 36893 | H29: CC - Csupenyák Csaba | J29: Thy1-Cre | K29: AAV3a | N29: 5x | O29: V1 | P29: 500-350 | Q29: 150-300 | R29: viszonylag sok vírus feljött | X29: terminálva
A30: Mouse_029 | B30: =IF((COUNTBLANK(G30)=0),Stats!$E$7,IF((COUNTBLANK(E30)=0),IF((COUNTBLANK(F30)=0),IF((COUNTBLANK(U30)=0),Stats!$E$6,Stats!$E$5),Stats!$E$4),"")) -> Death | C30: Columna | E30: 43052 | F30: 36892 | G30: 36893 | H30: CC - Csupenyák Csaba | J30: Thy1-Cre | K30: AAV3a | N30: 5x | O30: V1 | P30: 500 | Q30: 400 | R30: egy kevés feljött, újraszúrtam
A31: Mouse_030 | B31: =IF((COUNTBLANK(G31)=0),Stats!$E$7,IF((COUNTBLANK(E31)=0),IF((COUNTBLANK(F31)=0),IF((COUNTBLANK(U31)=0),Stats!$E$6,Stats!$E$5),Stats!$E$4),"")) -> Death | C31: Columna | E31: 43049 | F31: 36892 | G31: 36893 | H31: SG - Szalay Gergely | J31: Thy1-Cre | K31: AG9 | N31: 2x | O31: V1 | P31: 450 | Q31: 400 | X31: terminálva
A32: Mouse_031 | B32: =IF((COUNTBLANK(G32)=0),Stats!$E$7,IF((COUNTBLANK(E32)=0),IF((COUNTBLANK(F32)=0),IF((COUNTBLANK(U32)=0),Stats!$E$6,Stats!$E$5),Stats!$E$4),"")) -> Death | C32: Columna | E32: 43049 | F32: 36892 | G32: 36893 | H32: SG - Szalay Gergely | J32: C57b6 | K32: AG9 | L32: AG4 | N32: 1:50 | O32: V1 | P32: 450 | Q32: 400 | X32: terminálva
A33: Mouse_032 | B33: =IF((COUNTBLANK(G33)=0),Stats!$E$7,IF((COUNTBLANK(E33)=0),IF((COUNTBLANK(F33)=0),IF((COUNTBLANK(U33)=0),Stats!$E$6,Stats!$E$5),Stats!$E$4),"")) -> Death | C33: Columna | E33: 43049 | F33: 36892 | G33: 36893 | H33: SG - Szalay Gergely | J33: C57b6 | K33: AG9 | L33: AG4 | N33: 1:50 | O33: V1 | P33: 450 | Q33: 400 | X33: meghalt
A34: Mouse_033 | B34: =IF((COUNTBLANK(G34)=0),Stats!$E$7,IF((COUNTBLANK(E34)=0),IF((COUNTBLANK(F34)=0),IF((COUNTBLANK(U34)=0),Stats!$E$6,Stats!$E$5),Stats!$E$4),"")) -> Death | C34: Columna | E34: 43049 | F34: 36892 | G34: 36893 | H34: SG - Szalay Gergely | J34: C57b6 | K34: AG9 | L34: AG4 | N34: 1:50 | O34: V1 | P34: 450 | Q34: 400 | X34: meghalt
A35: Mouse_034 | B35: =IF((COUNTBLANK(G35)=0),Stats!$E$7,IF((COUNTBLANK(E35)=0),IF((COUNTBLANK(F35)=0),IF((COUNTBLANK(U35)=0),Stats!$E$6,Stats!$E$5),Stats!$E$4),"")) -> Death | C35: Columna | E35: 43063 | F35: 36892 | G35: 36893 | H35: TT - Tompa Tamás | J35: Thy1-Cre | K35: AAV3a | O35: V1 | P35: 1000-350 | Q35: 5x50nl | X35: terminálva (2018.02.28)
A36: Mouse_035 | B36: =IF((COUNTBLANK(G36)=0),Stats!$E$7,IF((COUNTBLANK(E36)=0),IF((COUNTBLANK(F36)=0),IF((COUNTBLANK(U36)=0),Stats!$E$6,Stats!$E$5),Stats!$E$4),"")) -> Death | C36: Columna | E36: 43063 | F36: 36892 | G36: 36893 | H36: TT - Tompa Tamás | J36: Thy1-Cre | K36: AAV3a | O36: V1 | P36: 1000-350 | Q36: 5x50nl | X36: terminálva (2018.02.28)
A37: Mouse_036 | B37: =IF((COUNTBLANK(G37)=0),Stats!$E$7,IF((COUNTBLANK(E37)=0),IF((COUNTBLANK(F37)=0),IF((COUNTBLANK(U37)=0),Stats!$E$6,Stats!$E$5),Stats!$E$4),"")) -> Death | C37: Columna | E37: 43063 | F37: 36892 | G37: 36893 | H37: TT - Tompa Tamás | J37: Thy1-Cre | K37: AAV3a | O37: V1 | P37: 1000-350 | Q37: 5x50nl | X37: terminálva (2018.02.28)
A38: Mouse_037 | B38: =IF((COUNTBLANK(G38)=0),Stats!$E$7,IF((COUNTBLANK(E38)=0),IF((COUNTBLANK(F38)=0),IF((COUNTBLANK(U38)=0),Stats!$E$6,Stats!$E$5),Stats!$E$4),"")) -> Death | C38: Columna | E38: 43063 | F38: 36892 | G38: 36893 | H38: TT - Tompa Tamás | J38: Thy1-Cre | K38: AAV3a | O38: V1 | P38: 1000-350 | Q38: 5x50nl | X38: meghalt
A39: Mouse_038 | B39: =IF((COUNTBLANK(G39)=0),Stats!$E$7,IF((COUNTBLANK(E39)=0),IF((COUNTBLANK(F39)=0),IF((COUNTBLANK(U39)=0),Stats!$E$6,Stats!$E$5),Stats!$E$4),"")) -> Death | C39: Columna | E39: 43063 | F39: 36892 | G39: 36893 | H39: TT - Tompa Tamás | J39: Thy1-Cre | K39: AAV3a | O39: V1 | P39: 1000-350 | Q39: 5x50nl | X39: meghalt
A40: Mouse_039 | B40: =IF((COUNTBLANK(G40)=0),Stats!$E$7,IF((COUNTBLANK(E40)=0),IF((COUNTBLANK(F40)=0),IF((COUNTBLANK(U40)=0),Stats!$E$6,Stats!$E$5),Stats!$E$4),"")) -> Death | C40: Columna | E40: 43074 | F40: 43081 | G40: 36893 | H40: SG - Szalay Gergely | J40: Thy1-Cre | K40: AAV15a | O40: V1 | P40: 450 | Q40: 300 | X40: meghalt
A41: Mouse_040 | B41: =IF((COUNTBLANK(G41)=0),Stats!$E$7,IF((COUNTBLANK(E41)=0),IF((COUNTBLANK(F41)=0),IF((COUNTBLANK(U41)=0),Stats!$E$6,Stats!$E$5),Stats!$E$4),"")) -> Death | C41: Columna | E41: 43074 | F41: 43081 | G41: 36893 | H41: SG - Szalay Gergely | J41: Thy1-Cre | K41: AAV15a | O41: V1 | P41: 450 | Q41: 300 | R41: műtét után pár nappal meghalt | X41: meghalt
A42: Mouse_041 | B42: =IF((COUNTBLANK(G42)=0),Stats!$E$7,IF((COUNTBLANK(E42)=0),IF((COUNTBLANK(F42)=0),IF((COUNTBLANK(U42)=0),Stats!$E$6,Stats!$E$5),Stats!$E$4),"")) -> Death | C42: Columna | E42: 43074 | F42: 43081 | G42: 36893 | H42: SG - Szalay Gergely | J42: C57b6 | K42: AAV15a | O42: V1 | P42: 450 | Q42: 300 | X42: meghalt
A43: Mouse_042 | B43: =IF((COUNTBLANK(G43)=0),Stats!$E$7,IF((COUNTBLANK(E43)=0),IF((COUNTBLANK(F43)=0),IF((COUNTBLANK(U43)=0),Stats!$E$6,Stats!$E$5),Stats!$E$4),"")) -> Death | C43: Columna | E43: 43074 | F43: 36892 | G43: 36893 | H43: SG - Szalay Gergely | J43: C57b6 | K43: AAV15a | O43: V1 | P43: 450 | Q43: 300 | R43: terminálva, 41-es eltörte a lábát és megtépte a hátát | X43: meghalt
A44: Mouse_043 | B44: =IF((COUNTBLANK(G44)=0),Stats!$E$7,IF((COUNTBLANK(E44)=0),IF((COUNTBLANK(F44)=0),IF((COUNTBLANK(U44)=0),Stats!$E$6,Stats!$E$5),Stats!$E$4),"")) -> Death | C44: Columna | E44: 43074 | F44: 36892 | G44: 36893 | H44: SG - Szalay Gergely | J44: C57b6 | X44: meghalt
A45: Mouse_044 | B45: =IF((COUNTBLANK(G45)=0),Stats!$E$7,IF((COUNTBLANK(E45)=0),IF((COUNTBLANK(F45)=0),IF((COUNTBLANK(U45)=0),Stats!$E$6,Stats!$E$5),Stats!$E$4),"")) -> Death | C45: Columna | E45: 43077 | F45: 43087 | G45: 36893 | H45: SG - Szalay Gergely | J45: C57b6 | K45: AG17 | O45: V1 | P45: 1000, 800, 500 | Q45: 200, 200, 300 | R45: @1000,800um jRGeCO, @500um GCaMP | X45: meghalt
A46: Mouse_045 | B46: =IF((COUNTBLANK(G46)=0),Stats!$E$7,IF((COUNTBLANK(E46)=0),IF((COUNTBLANK(F46)=0),IF((COUNTBLANK(U46)=0),Stats!$E$6,Stats!$E$5),Stats!$E$4),"")) -> Death | C46: Columna | E46: 43077 | F46: 43087 | G46: 36893 | H46: SG - Szalay Gergely | J46: C57b6 | K46: AG17 | O46: V1 | P46: 1000, 800, 500 | Q46: 200, 200, 300 | R46: @1000,800um jRGeCO, @500um GCaMP | X46: terminálva
A47: Mouse_046 | B47: =IF((COUNTBLANK(G47)=0),Stats!$E$7,IF((COUNTBLANK(E47)=0),IF((COUNTBLANK(F47)=0),IF((COUNTBLANK(U47)=0),Stats!$E$6,Stats!$E$5),Stats!$E$4),"")) -> Death | C47: Columna | E47: 43077 | F47: 36892 | G47: 36893 | H47: SG - Szalay Gergely | J47: C57b6 | K47: AG13 | L47: AG1 | N47: 1:1 | O47: V1 | P47: 700, 400 | Q47: 200, 200
A48: Mouse_046 | B48: =IF((COUNTBLANK(G48)=0),Stats!$E$7,IF((COUNTBLANK(E48)=0),IF((COUNTBLANK(F48)=0),IF((COUNTBLANK(U48)=0),Stats!$E$6,Stats!$E$5),Stats!$E$4),"")) -> Death | C48: Columna | E48: 43077 | F48: 43087 | G48: 36893 | H48: SG - Szalay Gergely | J48: C57b6 | K48: AG13 | L48: AG1 | N48: 1:1 | O48: V1 | P48: 700, 400 | Q48: 200, 200
A49: Mouse_047 | B49: =IF((COUNTBLANK(G49)=0),Stats!$E$7,IF((COUNTBLANK(E49)=0),IF((COUNTBLANK(F49)=0),IF((COUNTBLANK(U49)=0),Stats!$E$6,Stats!$E$5),Stats!$E$4),"")) -> Death | C49: Columna | E49: 43077 | F49: 43088 | G49: 36893 | H49: TT - Tompa Tamás | J49: C57b6 | K49: AAV15a | O49: V1 | P49: 450-300 | Q49: 250 | R49: a varrataik képlékenyek voltak.... | X49: terminálva
A50: Mouse_048 | B50: =IF((COUNTBLANK(G50)=0),Stats!$E$7,IF((COUNTBLANK(E50)=0),IF((COUNTBLANK(F50)=0),IF((COUNTBLANK(U50)=0),Stats!$E$6,Stats!$E$5),Stats!$E$4),"")) -> Death | C50: Columna | E50: 43077 | F50: 43088 | G50: 36893 | H50: TT - Tompa Tamás | J50: C57b6 | K50: AAV15a | O50: V1 | P50: 450-300 | Q50: 250 | R50: a varrataik képlékenyek voltak.... | X50: terminálva
A51: Mouse_049 | B51: =IF((COUNTBLANK(G51)=0),Stats!$E$7,IF((COUNTBLANK(E51)=0),IF((COUNTBLANK(F51)=0),IF((COUNTBLANK(U51)=0),Stats!$E$6,Stats!$E$5),Stats!$E$4),"")) -> Death | C51: Columna | E51: 43077 | F51: 43088 | G51: 36893 | H51: TT - Tompa Tamás | J51: C57b6 | K51: AAV15a | O51: V1 | P51: 450-300 | Q51: 250 | R51: a varrataik képlékenyek voltak.... | X51: terminálva
A52: Mouse_050 | B52: =IF((COUNTBLANK(G52)=0),Stats!$E$7,IF((COUNTBLANK(E52)=0),IF((COUNTBLANK(F52)=0),IF((COUNTBLANK(U52)=0),Stats!$E$6,Stats!$E$5),Stats!$E$4),"")) -> Death | C52: Columna | E52: 43078 | F52: 43097 | G52: 36893 | H52: TT - Tompa Tamás | J52: Thy1-Cre | K52: AAV15a | O52: V1 | P52: 450-300 | Q52: 250 | R52: a varrataik képlékenyek voltak.... | X52: terminálva
A53: Mouse_051 | B53: =IF((COUNTBLANK(G53)=0),Stats!$E$7,IF((COUNTBLANK(E53)=0),IF((COUNTBLANK(F53)=0),IF((COUNTBLANK(U53)=0),Stats!$E$6,Stats!$E$5),Stats!$E$4),"")) -> Death | C53: Columna | E53: 43078 | F53: 43097 | G53: 36893 | H53: TT - Tompa Tamás | J53: Thy1-Cre | K53: AAV15a | O53: V1 | P53: 450-300 | Q53: 250 | R53: a varrataik képlékenyek voltak.... | X53: terminálva
A54: Mouse_052 | B54: =IF((COUNTBLANK(G54)=0),Stats!$E$7,IF((COUNTBLANK(E54)=0),IF((COUNTBLANK(F54)=0),IF((COUNTBLANK(U54)=0),Stats!$E$6,Stats!$E$5),Stats!$E$4),"")) -> Death | C54: Columna | E54: 43091 | F54: 43103 | G54: 36893 | H54: SG - Szalay Gergely | J54: C57b6 | K54: AG17 | O54: V1 | P54: 1000-400 | Q54: 3*100 + 3*100 | R54: @1000,900,800um jRGeCO, @600,500,400um GCaMP | T54: szét volt rohadva a koponyája, hosszútávra nem érdemes vele tervezni | X54: nincs meg
A55: Mouse_053 | B55: =IF((COUNTBLANK(G55)=0),Stats!$E$7,IF((COUNTBLANK(E55)=0),IF((COUNTBLANK(F55)=0),IF((COUNTBLANK(U55)=0),Stats!$E$6,Stats!$E$5),Stats!$E$4),"")) -> Death | C55: Columna | E55: 43091 | F55: 43103 | G55: 36893 | H55: SG - Szalay Gergely | J55: C57b6 | K55: AG17 | O55: V1 | P55: 1000-400 | Q55: 3*100 + 3*100 | R55: @1000,900,800um jRGeCO, @600,500,400um GCaMP | T55: szintén nagyon gyulladt koponya
A56: Mouse_054 | B56: =IF((COUNTBLANK(G56)=0),Stats!$E$7,IF((COUNTBLANK(E56)=0),IF((COUNTBLANK(F56)=0),IF((COUNTBLANK(U56)=0),Stats!$E$6,Stats!$E$5),Stats!$E$4),"")) -> Death | C56: Columna | E56: 43091 | F56: 43103 | G56: 36893 | H56: SG - Szalay Gergely | J56: C57b6 | K56: AG17 | O56: V1 | P56: 1.0009008e+15 | Q56: 100-100
A57: Mouse_055 | B57: =IF((COUNTBLANK(G57)=0),Stats!$E$7,IF((COUNTBLANK(E57)=0),IF((COUNTBLANK(F57)=0),IF((COUNTBLANK(U57)=0),Stats!$E$6,Stats!$E$5),Stats!$E$4),"")) -> Death | C57: Columna | E57: 43094 | F57: 43116 | G57: 36893 | H57: TT - Tompa Tamás | J57: C57b6 | K57: AAV3a | O57: V1 | P57: 450-300 | Q57: 2x100 | R57: varratai képlékenyek voltak | X57: terminálva
A58: Mouse_056 | B58: =IF((COUNTBLANK(G58)=0),Stats!$E$7,IF((COUNTBLANK(E58)=0),IF((COUNTBLANK(F58)=0),IF((COUNTBLANK(U58)=0),Stats!$E$6,Stats!$E$5),Stats!$E$4),"")) -> Death | C58: Columna | E58: 43094 | F58: 36892 | G58: 36893 | H58: TT - Tompa Tamás | J58: C57b6 | K58: AAV3a | O58: V1 | P58: 450-300 | Q58: 2x100 | X58: meghalt
A59: Mouse_057 | B59: =IF((COUNTBLANK(G59)=0),Stats!$E$7,IF((COUNTBLANK(E59)=0),IF((COUNTBLANK(F59)=0),IF((COUNTBLANK(U59)=0),Stats!$E$6,Stats!$E$5),Stats!$E$4),"")) -> Death | C59: Columna | E59: 43094 | F59: 43116 | G59: 36893 | H59: TT - Tompa Tamás | J59: Thy1-Cre | K59: AAV3a | O59: V1 | P59: 450-300 | Q59: 3x175 | X59: terminálva
A60: Mouse_058 | B60: =IF((COUNTBLANK(G60)=0),Stats!$E$7,IF((COUNTBLANK(E60)=0),IF((COUNTBLANK(F60)=0),IF((COUNTBLANK(U60)=0),Stats!$E$6,Stats!$E$5),Stats!$E$4),"")) -> Death | C60: Columna | E60: 43094 | F60: 43116 | G60: 36893 | H60: TT - Tompa Tamás | J60: Thy1-Cre | K60: AAV3a | O60: V1 | P60: 450-300 | Q60: 3x175
A61: Mouse_059 | B61: =IF((COUNTBLANK(G61)=0),Stats!$E$7,IF((COUNTBLANK(E61)=0),IF((COUNTBLANK(F61)=0),IF((COUNTBLANK(U61)=0),Stats!$E$6,Stats!$E$5),Stats!$E$4),"")) -> Death | C61: Columna | E61: 43094 | F61: 43116 | G61: 36893 | H61: TT - Tompa Tamás | J61: Thy1-Cre | K61: AAV3a | O61: V1 | P61: 450-300 | Q61: 3x175 | R61: bevérzett a műtét másnapján! figyelni! | X61: terminálva
A62: Mouse_060 | B62: =IF((COUNTBLANK(G62)=0),Stats!$E$7,IF((COUNTBLANK(E62)=0),IF((COUNTBLANK(F62)=0),IF((COUNTBLANK(U62)=0),Stats!$E$6,Stats!$E$5),Stats!$E$4),"")) -> Death | C62: Columna | E62: 43094 | F62: 43116 | G62: 36893 | H62: TT - Tompa Tamás | J62: Thy1-Cre | K62: AAV3a | O62: V1 | P62: 450-300 | Q62: 3x175 | X62: terminálva
A63: Mouse_061 | B63: =IF((COUNTBLANK(G63)=0),Stats!$E$7,IF((COUNTBLANK(E63)=0),IF((COUNTBLANK(F63)=0),IF((COUNTBLANK(U63)=0),Stats!$E$6,Stats!$E$5),Stats!$E$4),"")) -> Death | C63: Columna | E63: 43098 | F63: 43108 | G63: 36893 | H63: SG - Szalay Gergely | J63: Thy1-Cre | K63: AAV3a | L63: AAV17 | N63: 1:1 | O63: V1 | P63: 800, 700, 600, 500 | Q63: 4 x 100 | R63: dura leszedve | X63: terminálva
A64: Mouse_062 | B64: =IF((COUNTBLANK(G64)=0),Stats!$E$7,IF((COUNTBLANK(E64)=0),IF((COUNTBLANK(F64)=0),IF((COUNTBLANK(U64)=0),Stats!$E$6,Stats!$E$5),Stats!$E$4),"")) -> Death | C64: Columna | E64: 43098 | F64: 43108 | G64: 36893 | H64: SG - Szalay Gergely | J64: Thy1-Cre | K64: AAV3a | L64: AAV17 | N64: 1:1 | O64: V1 | P64: 800, 700, 600, 500 | Q64: 4 x 100 | R64: dura leszedve | X64: terminálva
A65: Mouse_063 | B65: =IF((COUNTBLANK(G65)=0),Stats!$E$7,IF((COUNTBLANK(E65)=0),IF((COUNTBLANK(F65)=0),IF((COUNTBLANK(U65)=0),Stats!$E$6,Stats!$E$5),Stats!$E$4),"")) -> Death | C65: Columna | E65: 43098 | F65: 43108 | G65: 36893 | H65: SG - Szalay Gergely | J65: Thy1-Cre | K65: AG17 | L65: AG1 | O65: V1 | P65: 800, 700, 600, 500 | Q65: 4x 110 | R65: dura leszedve | X65: terminálva
A66: Mouse_064 | B66: =IF((COUNTBLANK(G66)=0),Stats!$E$7,IF((COUNTBLANK(E66)=0),IF((COUNTBLANK(F66)=0),IF((COUNTBLANK(U66)=0),Stats!$E$6,Stats!$E$5),Stats!$E$4),"")) -> Death | C66: Columna | E66: 43098 | F66: 43108 | G66: 36893 | H66: SG - Szalay Gergely | J66: Thy1-Cre | K66: AG17 | L66: AG1 | O66: V1 | P66: 800, 700, 600, 500 | Q66: 4x 110 | R66: dura leszedve | X66: terminálva
A67: Mouse_065 | B67: =IF((COUNTBLANK(G67)=0),Stats!$E$7,IF((COUNTBLANK(E67)=0),IF((COUNTBLANK(F67)=0),IF((COUNTBLANK(U67)=0),Stats!$E$6,Stats!$E$5),Stats!$E$4),"")) -> Death | C67: Columna | E67: 43098 | F67: 43109 | G67: 36893 | H67: SG - Szalay Gergely | J67: Thy1-Cre | K67: AAV3a | O67: V1 | P67: 1000, 800, 600 | Q67: 3 x 150 | R67: dura leszedve | X67: terminálva
A68: Mouse_066 | B68: =IF((COUNTBLANK(G68)=0),Stats!$E$7,IF((COUNTBLANK(E68)=0),IF((COUNTBLANK(F68)=0),IF((COUNTBLANK(U68)=0),Stats!$E$6,Stats!$E$5),Stats!$E$4),"")) -> Death | C68: Columna | E68: 43098 | F68: 43109 | G68: 36893 | H68: SG - Szalay Gergely | J68: Thy1-Cre | K68: AAV3a | O68: V1 | P68: 1000, 800, 600 | Q68: 3 x 150 | R68: dura leszedve | X68: terminálva
A69: Mouse_067 | B69: =IF((COUNTBLANK(G69)=0),Stats!$E$7,IF((COUNTBLANK(E69)=0),IF((COUNTBLANK(F69)=0),IF((COUNTBLANK(U69)=0),Stats!$E$6,Stats!$E$5),Stats!$E$4),"")) -> Death | C69: Columna | E69: 43098 | F69: 43110 | G69: 36893 | H69: SG - Szalay Gergely | J69: Thy1-Cre | K69: AAV3a | O69: V1 | P69: 1000, 800, 600 | Q69: 3 x 150 | R69: dura leszedve
A70: Mouse_068 | B70: =IF((COUNTBLANK(G70)=0),Stats!$E$7,IF((COUNTBLANK(E70)=0),IF((COUNTBLANK(F70)=0),IF((COUNTBLANK(U70)=0),Stats!$E$6,Stats!$E$5),Stats!$E$4),"")) -> Death | C70: Columna | E70: 43111 | F70: 43131 | G70: 36893 | H70: CC - Csupenyák Csaba | J70: C57b6 | K70: AAV15a | O70: V1 | U70: korrekten vannak sejtek, kicsit talán ködösen AO-n, és nem túl mélyen | X70: terminálva 18/09/12
A71: Mouse_069 | B71: =IF((COUNTBLANK(G71)=0),Stats!$E$7,IF((COUNTBLANK(E71)=0),IF((COUNTBLANK(F71)=0),IF((COUNTBLANK(U71)=0),Stats!$E$6,Stats!$E$5),Stats!$E$4),"")) -> Death | C71: Columna | E71: 43111 | F71: 43131 | G71: 36893 | H71: CC - Csupenyák Csaba | J71: C57b6 | K71: AAV15a | O71: V1 | R71: sok feljött | U71: nagyon szép sejtek vannak még AO-n is, de kb 100 um-ig | V71: Dom Galvo: Bloody cranio, not very good, Found some cells ~100 um, some cells dead | X71: terminálva, erőteljes hús-ránövés a cementre, fejlemez már lötyögött
A72: Mouse_070 | B72: =IF((COUNTBLANK(G72)=0),Stats!$E$7,IF((COUNTBLANK(E72)=0),IF((COUNTBLANK(F72)=0),IF((COUNTBLANK(U72)=0),Stats!$E$6,Stats!$E$5),Stats!$E$4),"")) -> Death | C72: Columna | E72: 43111 | F72: 43132 | G72: 36893 | H72: CC - Csupenyák Csaba | J72: C57b6 | K72: AAV15a | O72: V1 | R72: sok feljött | U72: AO, sok sejt, szép, -(300-400) µm környékén is látni sejteket | X72: meghalt
A73: Mouse_071 | B73: =IF((COUNTBLANK(G73)=0),Stats!$E$7,IF((COUNTBLANK(E73)=0),IF((COUNTBLANK(F73)=0),IF((COUNTBLANK(U73)=0),Stats!$E$6,Stats!$E$5),Stats!$E$4),"")) -> Death | C73: Columna | E73: 43111 | F73: 43132 | G73: 36893 | H73: CC - Csupenyák Csaba | J73: C57b6 | K73: AAV15a | O73: V1 | R73: sok feljött | U73: AO, még több sejt, szép, kb -300ig lelátni itt is | X73: vizeletretenció miatt terminálva
A74: Mouse_072 | B74: =IF((COUNTBLANK(G74)=0),Stats!$E$7,IF((COUNTBLANK(E74)=0),IF((COUNTBLANK(F74)=0),IF((COUNTBLANK(U74)=0),Stats!$E$6,Stats!$E$5),Stats!$E$4),"")) -> Death | C74: Columna | E74: 43122 | F74: 43136 | G74: 36893 | H74: SG - Szalay Gergely | J74: Thy1-Cre | K74: AG17 | O74: V1 | P74: 1100,900,700,500 | Q74: 4x150 | U74: 3x3D Lot off cells up to 850 um | X74: terminálva
A75: Mouse_073 | B75: =IF((COUNTBLANK(G75)=0),Stats!$E$7,IF((COUNTBLANK(E75)=0),IF((COUNTBLANK(F75)=0),IF((COUNTBLANK(U75)=0),Stats!$E$6,Stats!$E$5),Stats!$E$4),"")) -> Death | C75: Columna | E75: 43122 | F75: 43136 | G75: 36893 | H75: SG - Szalay Gergely | J75: Thy1-Cre | K75: AG17 | O75: V1 | P75: 1100,900,700,500 | Q75: 4x150 | U75: 3x3D Lot off cells up to 850 um, no dura, bleed | X75: terminálva
A76: Mouse_074 | B76: =IF((COUNTBLANK(G76)=0),Stats!$E$7,IF((COUNTBLANK(E76)=0),IF((COUNTBLANK(F76)=0),IF((COUNTBLANK(U76)=0),Stats!$E$6,Stats!$E$5),Stats!$E$4),"")) -> Death | C76: Columna | E76: 43122 | F76: 43137 | G76: 36893 | H76: SG - Szalay Gergely | J76: Thy1-Cre | K76: AG17 | O76: V1 | P76: 1100,900,700,500 | Q76: 4x150 | X76: meghalt
A77: Mouse_075 | B77: =IF((COUNTBLANK(G77)=0),Stats!$E$7,IF((COUNTBLANK(E77)=0),IF((COUNTBLANK(F77)=0),IF((COUNTBLANK(U77)=0),Stats!$E$6,Stats!$E$5),Stats!$E$4),"")) -> Death | C77: Columna | E77: 43122 | F77: 43137 | G77: 36893 | H77: SG - Szalay Gergely | J77: Thy1-Cre | K77: AG17 | O77: V1 | P77: 1100,900,700,500 | Q77: 4x150 | X77: terminálva 18/09/12
A78: Mouse_076 | B78: =IF((COUNTBLANK(G78)=0),Stats!$E$7,IF((COUNTBLANK(E78)=0),IF((COUNTBLANK(F78)=0),IF((COUNTBLANK(U78)=0),Stats!$E$6,Stats!$E$5),Stats!$E$4),"")) -> Death | C78: Columna | E78: 43122 | F78: 43137 | G78: 36893 | H78: SG - Szalay Gergely | J78: Thy1-Cre | K78: AG17 | O78: V1 | P78: 1100,900,700,500 | Q78: 4x150 | X78: Fentanyl ->Wakeup + little amount of forane after surgery = respiration stopped
A79: Mouse_077 | B79: =IF((COUNTBLANK(G79)=0),Stats!$E$7,IF((COUNTBLANK(E79)=0),IF((COUNTBLANK(F79)=0),IF((COUNTBLANK(U79)=0),Stats!$E$6,Stats!$E$5),Stats!$E$4),"")) -> Death | C79: Columna | E79: 43122 | F79: 43137 | G79: 36893 | H79: SG - Szalay Gergely | J79: Thy1-Cre | K79: AG17 | O79: V1 | P79: 1100,900,700,500 | Q79: 4x150 | X79: terminálva
A80: Mouse_078 | B80: =IF((COUNTBLANK(G80)=0),Stats!$E$7,IF((COUNTBLANK(E80)=0),IF((COUNTBLANK(F80)=0),IF((COUNTBLANK(U80)=0),Stats!$E$6,Stats!$E$5),Stats!$E$4),"")) -> Death | C80: Columna | E80: 43123 | F80: 43123 | G80: 36893 | H80: MM - Marosi Máté | J80: Thy1-Cre | K80: AG13 | O80: V1 | P80: 350? | Q80: 1x350 1x150 | R80: Craniotomy; 2 injection sites; virus with fast green, fast injection; go thru on the dura was problematic | U80: cells between -230 - -130 on GALVO; AO check up +16d after injection: need max UG and Laser - cells are visible
A81: Mouse_079 | B81: =IF((COUNTBLANK(G81)=0),Stats!$E$7,IF((COUNTBLANK(E81)=0),IF((COUNTBLANK(F81)=0),IF((COUNTBLANK(U81)=0),Stats!$E$6,Stats!$E$5),Stats!$E$4),"")) -> Death | C81: Columna | E81: 43123 | F81: 43123 | G81: 36893 | H81: MM - Marosi Máté | J81: Thy1-Cre | K81: AG13 | O81: V1 | P81: 350? | Q81: 2x150 | R81: Craniotomy; 2 injection sites; virus with fast green, fast injection; go thru on the dura was problematic; ~30 degree penetration angle | U81: DEAD | X81: meghalt
A82: Mouse_080 | B82: =IF((COUNTBLANK(G82)=0),Stats!$E$7,IF((COUNTBLANK(E82)=0),IF((COUNTBLANK(F82)=0),IF((COUNTBLANK(U82)=0),Stats!$E$6,Stats!$E$5),Stats!$E$4),"")) -> Death | C82: Columna | E82: 43123 | F82: 43123 | G82: 36893 | H82: MM - Marosi Máté | J82: Thy1-Cre | K82: AG13 | O82: V1 | P82: 350? | Q82: 1x150 | R82: Craniotomy; 2 injection sites; virus with fast green, fast injection; go thru on the dura was problematic; ~30 degree penetration angle | U82: DEAD | X82: meghalt
A83: Mouse_081 | B83: =IF((COUNTBLANK(G83)=0),Stats!$E$7,IF((COUNTBLANK(E83)=0),IF((COUNTBLANK(F83)=0),IF((COUNTBLANK(U83)=0),Stats!$E$6,Stats!$E$5),Stats!$E$4),"")) -> Death | C83: Columna | E83: 43124 | F83: 36892 | G83: 36893 | H83: CC - Csupenyák Csaba | J83: Thy1-Cre | K83: AAV3a | O83: V1 | P83: 400 | Q83: 400 | R83: nem folyt ki | X83: meghalt
A84: Mouse_082 | B84: =IF((COUNTBLANK(G84)=0),Stats!$E$7,IF((COUNTBLANK(E84)=0),IF((COUNTBLANK(F84)=0),IF((COUNTBLANK(U84)=0),Stats!$E$6,Stats!$E$5),Stats!$E$4),"")) -> Death | C84: Columna | E84: 43124 | F84: 43131 | G84: 36893 | H84: CC - Csupenyák Csaba | J84: Thy1-Cre | K84: AAV3a | O84: V1 | P84: 400 | Q84: 400 | U84: shity, no cells, just particulas | X84: terminálva
A85: Mouse_083 | B85: =IF((COUNTBLANK(G85)=0),Stats!$E$7,IF((COUNTBLANK(E85)=0),IF((COUNTBLANK(F85)=0),IF((COUNTBLANK(U85)=0),Stats!$E$6,Stats!$E$5),Stats!$E$4),"")) -> Death | C85: Columna | E85: 43124 | F85: 43139 | G85: 36893 | H85: CC - Csupenyák Csaba | J85: Thy1-Cre | K85: AAV3a | O85: V1 | P85: 400 | Q85: 400 | U85: lot of cells till -600, gud jab | X85: meghalt 2018.03.08
A86: Mouse_084 | B86: =IF((COUNTBLANK(G86)=0),Stats!$E$7,IF((COUNTBLANK(E86)=0),IF((COUNTBLANK(F86)=0),IF((COUNTBLANK(U86)=0),Stats!$E$6,Stats!$E$5),Stats!$E$4),"")) -> Death | C86: Columna | E86: 43124 | F86: 36892 | G86: 36893 | H86: TT - Tompa Tamás | J86: Thy1-Cre | K86: AAV17 | L86: AAV24 | N86: 1:1 | O86: V1 | P86: 550-350 um | Q86: 250 | X86: meghalt
A87: Mouse_085 | B87: =IF((COUNTBLANK(G87)=0),Stats!$E$7,IF((COUNTBLANK(E87)=0),IF((COUNTBLANK(F87)=0),IF((COUNTBLANK(U87)=0),Stats!$E$6,Stats!$E$5),Stats!$E$4),"")) -> Death | C87: Columna | E87: 43124 | F87: 43138 | G87: 36893 | H87: TT - Tompa Tamás | J87: Thy1-Cre | K87: AAV17 | L87: AAV24 | N87: 1:1 | O87: V1 | P87: 550-350 um | Q87: 250 | X87: KOKI-ban van
A88: Mouse_086 | B88: =IF((COUNTBLANK(G88)=0),Stats!$E$7,IF((COUNTBLANK(E88)=0),IF((COUNTBLANK(F88)=0),IF((COUNTBLANK(U88)=0),Stats!$E$6,Stats!$E$5),Stats!$E$4),"")) -> Death | C88: Columna | E88: 43124 | F88: 43138 | G88: 36893 | H88: TT - Tompa Tamás | J88: Thy1-Cre | K88: AAV17 | L88: AAV24 | N88: 1:1 | O88: V1 | P88: 550-350 um | Q88: 250 | X88: KOKI-ban van
A89: Mouse_087 | B89: =IF((COUNTBLANK(G89)=0),Stats!$E$7,IF((COUNTBLANK(E89)=0),IF((COUNTBLANK(F89)=0),IF((COUNTBLANK(U89)=0),Stats!$E$6,Stats!$E$5),Stats!$E$4),"")) -> Death | C89: Columna | E89: 43126 | F89: 43139 | G89: 36893 | H89: CC - Csupenyák Csaba | J89: Thy1-Cre | K89: AAV3a | N89: 3x | O89: V1 | P89: 800 | Q89: 400 | R89: folyt ki, hegyesített kapilláris | U89: a few cell-like stuff, we should re-check a week later | X89: terminálva
A90: Mouse_087b | B90: =IF((COUNTBLANK(G90)=0),Stats!$E$7,IF((COUNTBLANK(E90)=0),IF((COUNTBLANK(F90)=0),IF((COUNTBLANK(U90)=0),Stats!$E$6,Stats!$E$5),Stats!$E$4),"")) -> Death | C90: Columna | E90: 43126 | F90: 43150 | G90: 36893 | H90: SG - Szalay Gergely | J90: Thy1-Cre | K90: AG17 | O90: V1 | P90: 1100,850,600,350 | Q90: 4x200 | X90: terminálva
A91: Mouse_088 | B91: =IF((COUNTBLANK(G91)=0),Stats!$E$7,IF((COUNTBLANK(E91)=0),IF((COUNTBLANK(F91)=0),IF((COUNTBLANK(U91)=0),Stats!$E$6,Stats!$E$5),Stats!$E$4),"")) -> Death | C91: Columna | E91: 43126 | F91: 43138 | G91: 36893 | H91: CC - Csupenyák Csaba | J91: Thy1-Cre | K91: AAV3a | N91: 3x | O91: V1 | P91: 800 | Q91: 400 | R91: talán mikor kiemeltem folyt ki, hegyesített kapilláris | U91: noope, we should recheck | X91: terminálva
A92: Mouse_088b | B92: =IF((COUNTBLANK(G92)=0),Stats!$E$7,IF((COUNTBLANK(E92)=0),IF((COUNTBLANK(F92)=0),IF((COUNTBLANK(U92)=0),Stats!$E$6,Stats!$E$5),Stats!$E$4),"")) -> Death | C92: Columna | E92: 43126 | F92: 43151 | G92: 36893 | H92: SG - Szalay Gergely | J92: Thy1-Cre | K92: AG17 | O92: V1 | P92: 1100,850,600,350 | Q92: 4x200
A93: Mouse_089 | B93: =IF((COUNTBLANK(G93)=0),Stats!$E$7,IF((COUNTBLANK(E93)=0),IF((COUNTBLANK(F93)=0),IF((COUNTBLANK(U93)=0),Stats!$E$6,Stats!$E$5),Stats!$E$4),"")) -> Death | C93: Columna | E93: 43126 | F93: 43151 | G93: 36893 | H93: SG - Szalay Gergely | J93: Thy1-Cre | K93: AAV23 | L93: AAV34 | O93: V1 | P93: 500 | Q93: 500 | R93: folyt ki | T93: dura felszakadt, felszín csúnyán bevérzett (nem biztos, hogy maradt imagelhető terület) | X93: KOKI-ban van
A94: Mouse_090 | B94: =IF((COUNTBLANK(G94)=0),Stats!$E$7,IF((COUNTBLANK(E94)=0),IF((COUNTBLANK(F94)=0),IF((COUNTBLANK(U94)=0),Stats!$E$6,Stats!$E$5),Stats!$E$4),"")) -> Death | C94: Columna | E94: 43126 | F94: 43140 | G94: 36893 | H94: SG - Szalay Gergely | J94: Thy1-Cre | K94: AAV23 | L94: AAV34 | O94: V1 | P94: 500 | Q94: 500 | R94: folyt ki | T94: Dura elég trutymós, de rajta hagytam,mert átlátható | X94: KOKI-ban van terminálva 20218.12.05
A95: Mouse_091 | B95: =IF((COUNTBLANK(G95)=0),Stats!$E$7,IF((COUNTBLANK(E95)=0),IF((COUNTBLANK(F95)=0),IF((COUNTBLANK(U95)=0),Stats!$E$6,Stats!$E$5),Stats!$E$4),"")) -> Death | C95: Columna | E95: 43126 | F95: 43140 | G95: 36893 | H95: SG - Szalay Gergely | J95: Thy1-Cre | K95: AAV23 | L95: AAV34 | O95: V1 | P95: 1000 | Q95: 500 | R95: füle megjelölve | X95: terminálva
A96: Mouse_092 | B96: =IF((COUNTBLANK(G96)=0),Stats!$E$7,IF((COUNTBLANK(E96)=0),IF((COUNTBLANK(F96)=0),IF((COUNTBLANK(U96)=0),Stats!$E$6,Stats!$E$5),Stats!$E$4),"")) -> Death | C96: Columna | E96: 43131 | F96: 43152 | G96: 36893 | H96: SG - Szalay Gergely | J96: Thy1-Cre | K96: AG13 | N96: 2x | O96: V1 | P96: 450 | Q96: 370 | U96: galvo | X96: terminálva 18/09/12
A97: Mouse_093 | B97: =IF((COUNTBLANK(G97)=0),Stats!$E$7,IF((COUNTBLANK(E97)=0),IF((COUNTBLANK(F97)=0),IF((COUNTBLANK(U97)=0),Stats!$E$6,Stats!$E$5),Stats!$E$4),"")) -> Death | C97: Columna | E97: 43131 | F97: 43152 | G97: 36893 | H97: SG - Szalay Gergely | J97: Thy1-Cre | K97: AG13 | N97: 2x | O97: V1 | P97: 450 | Q97: 370 | U97: galvo | X97: terminálva 18/09/12
A98: Mouse_094 | B98: =IF((COUNTBLANK(G98)=0),Stats!$E$7,IF((COUNTBLANK(E98)=0),IF((COUNTBLANK(F98)=0),IF((COUNTBLANK(U98)=0),Stats!$E$6,Stats!$E$5),Stats!$E$4),"")) -> Death | C98: Columna | E98: 43131 | F98: 43152 | G98: 36893 | H98: SG - Szalay Gergely | J98: Thy1-Cre | K98: AG13 | N98: 2x | O98: V1 | P98: 450 | Q98: 370 | U98: galvo | X98: terminálva 18/09/12
A99: Mouse_095 | B99: =IF((COUNTBLANK(G99)=0),Stats!$E$7,IF((COUNTBLANK(E99)=0),IF((COUNTBLANK(F99)=0),IF((COUNTBLANK(U99)=0),Stats!$E$6,Stats!$E$5),Stats!$E$4),"")) -> Death | C99: Columna | E99: 43131 | F99: 43152 | G99: 36893 | H99: SG - Szalay Gergely | J99: Thy1-Cre | K99: AG13 | N99: 2x | O99: V1 | P99: 450 | Q99: 370 | X99: terminálva (cement alól vérzett)
A100: Mouse_096 | B100: =IF((COUNTBLANK(G100)=0),Stats!$E$7,IF((COUNTBLANK(E100)=0),IF((COUNTBLANK(F100)=0),IF((COUNTBLANK(U100)=0),Stats!$E$6,Stats!$E$5),Stats!$E$4),"")) -> Death | C100: Columna | E100: 43131 | F100: 43153 | G100: 36893 | H100: SG - Szalay Gergely | J100: C57b6 | K100: AG13 | L100: AG17 | N100: 1:1 | O100: V1 | P100: 1000,800,600,400 | Q100: 200-200-200 | U100: not good | X100: terminálva
...
